date,GB_ldz_natural_gas_kWh,heat_as_an_estimated_fraction_of_GB_ldz_natural_gas_demand,GB_ldz_heat_from_natural_gas_kWh
01/01/2015,1935024305,0.865846858,1675434714
02/01/2015,2100387713,0.866804139,1820624764
03/01/2015,2279309201,0.867761421,1977896591
04/01/2015,2502221978,0.868718703,2173727031
05/01/2015,2319574134,0.869675985,2017277919
06/01/2015,2275869924,0.870633266,1981448065
07/01/2015,2408106837,0.871590548,2098883158
08/01/2015,2181788139,0.87254783,1903714506
09/01/2015,2005498474,0.873505112,1751813168
10/01/2015,2038529645,0.874462393,1782617512
11/01/2015,2310455036,0.875419675,2022617797
12/01/2015,2250974535,0.876376957,1972702213
13/01/2015,2397394486,0.877334239,2103316266
14/01/2015,2596982437,0.87829152,2280907653
15/01/2015,2500706166,0.879248802,2198742901
16/01/2015,2619989344,0.880206084,2306130560
17/01/2015,2620006135,0.881163366,2308653424
18/01/2015,2635994568,0.882120647,2325265234
19/01/2015,2898851175,0.883077929,2559911492
20/01/2015,2934138368,0.884035211,2593881631
21/01/2015,2862980587,0.884992493,2533716326
22/01/2015,2844090585,0.885949774,2519721412
23/01/2015,2816098029,0.886907056,2497617212
24/01/2015,2468628258,0.886907056,2189443821
25/01/2015,2362118407,0.886907056,2094979482
26/01/2015,2337173064,0.886907056,2072855282
27/01/2015,2378265801,0.886907056,2109300720
28/01/2015,2566109965,0.886907056,2275901034
29/01/2015,2783469623,0.886907056,2468678849
30/01/2015,2677734771,0.886907056,2374901862
31/01/2015,2690134535,0.886907056,2385899301
01/02/2015,2766206606,0.886907056,2453368157
02/02/2015,3030717503,0.886907056,2687964738
03/02/2015,2983622570,0.886907056,2646195910
04/02/2015,2911060065,0.886907056,2581839712
05/02/2015,2858087552,0.886907056,2534858017
06/02/2015,2853467975,0.886907056,2530760881
07/02/2015,2659212072,0.886907056,2358473950
08/02/2015,2482472957,0.886907056,2201722782
09/02/2015,2493176382,0.886907056,2211215725
10/02/2015,2586347889,0.886907056,2293850192
11/02/2015,2588636088,0.886907056,2295879612
12/02/2015,2558930614,0.886907056,2269533617
13/02/2015,2424142763,0.886907056,2149989321
14/02/2015,2146308929,0.886907056,1903576533
15/02/2015,2124577441,0.886907056,1884302723
16/02/2015,2386066417,0.886907056,2116219141
17/02/2015,2386641122,0.886907056,2116728851
18/02/2015,2273378557,0.886907056,2016275483
19/02/2015,2337303086,0.886907056,2072970599
20/02/2015,2326894255,0.886907056,2063738933
21/02/2015,2357639398,0.886907056,2091007018
22/02/2015,2576403114,0.886907056,2285030101
23/02/2015,2505446514,0.886907056,2222098192
24/02/2015,2462635883,0.886907056,2184129141
25/02/2015,2158665315,0.886907056,1914535499
26/02/2015,2175918584,0.886907056,1929837545
27/02/2015,2258825205,0.886907056,2003368013
28/02/2015,2070192995,0.886907056,1836068775
01/03/2015,2135990270,0.886907056,1894424842
02/03/2015,2490361764,0.886907056,2208719420
03/03/2015,2429971562,0.886907056,2155158924
04/03/2015,2347585659,0.886907056,2082090286
05/03/2015,2288183557,0.886907056,2029406142
06/03/2015,1928958782,0.886907056,1710807154
07/03/2015,1681581480,0.886907056,1491406480
08/03/2015,1850899711,0.886907056,1641576014
09/03/2015,2258020654,0.886907056,2002654451
10/03/2015,1990180835,0.886907056,1765105425
11/03/2015,2072704333,0.883708204,1831665824
12/03/2015,1910010444,0.880509352,1681782059
13/03/2015,2052601016,0.877310501,1800768425
14/03/2015,2177473551,0.874111649,1903354996
15/03/2015,2206695660,0.870912797,1921839489
16/03/2015,2243625242,0.867713945,1946824910
17/03/2015,2105017183,0.864515093,1819819127
18/03/2015,2090362544,0.861316242,1800463210
19/03/2015,2143692653,0.85811739,1839539944
20/03/2015,1914949672,0.854918538,1637125974
21/03/2015,1919382314,0.851719686,1634775702
22/03/2015,1867889546,0.848520834,1584943196
23/03/2015,1994782942,0.845321983,1686233872
24/03/2015,2033802613,0.842123131,1712712224
25/03/2015,2036495092,0.838924279,1708465177
26/03/2015,2065265171,0.835725427,1725994617
27/03/2015,1862654147,0.832526575,1550709078
28/03/2015,1626347099,0.829327724,1348774738
29/03/2015,1766259700,0.826128872,1459158133
30/03/2015,1990057013,0.82293002,1637677658
31/03/2015,1989124104,0.819731168,1630547026
01/04/2015,2073422916,0.816532317,1693016817
02/04/2015,1796610860,0.813333465,1461243735
03/04/2015,1727968567,0.810134613,1399887146
04/04/2015,1589068949,0.806935761,1282276562
05/04/2015,1392846489,0.803736909,1119482132
06/04/2015,1361545674,0.800538058,1089969129
07/04/2015,1318051190,0.797339206,1050933889
08/04/2015,1256479751,0.794140354,997821274
09/04/2015,1167387332,0.790941502,923335090
10/04/2015,1087780863,0.78774265,856891380
11/04/2015,1239283351,0.784543799,972272068
12/04/2015,1470058726,0.781344947,1148622957
13/04/2015,1467181934,0.778146095,1141681893
14/04/2015,1171302272,0.774947243,907697467
15/04/2015,1123190732,0.771748391,866820641
16/04/2015,1169171199,0.76854954,898565987
17/04/2015,1247745822,0.765350688,954963123
18/04/2015,1214792372,0.762151836,925856237
19/04/2015,1416175184,0.758952984,1074810382
20/04/2015,1260569930,0.755754132,952680934
21/04/2015,1105611614,0.752555281,832033858
22/04/2015,1075678022,0.749356429,806066241
23/04/2015,1041585800,0.746157577,777187137
24/04/2015,1023030188,0.746157577,763341726
25/04/2015,1065760477,0.746157577,795225255
26/04/2015,1261466794,0.746157577,941253006
27/04/2015,1483741151,0.746157577,1107104702
28/04/2015,1529698281,0.746157577,1141395963
29/04/2015,1518519852,0.746157577,1133055093
30/04/2015,1491232136,0.746157577,1112694157
01/05/2015,1470309262,0.746157577,1097082396
02/05/2015,1463593904,0.746157577,1092071681
03/05/2015,1218539855,0.746157577,909222746
04/05/2015,1025137096,0.746157577,764913812
05/05/2015,1209423180,0.746157577,902420270
06/05/2015,1380086389,0.746157577,1029761916
07/05/2015,1228546925,0.746157577,916689597
08/05/2015,1239781579,0.746157577,925072419
09/05/2015,1126955557,0.746157577,840886428
10/05/2015,1012171785,0.746157577,755239647
11/05/2015,921417613,0.746157577,687522734
12/05/2015,1021482094,0.746157577,762186604
13/05/2015,996341381,0.746157577,743427671
14/05/2015,1309722895,0.746157577,977259662
15/05/2015,1062135983,0.746157577,792520812
16/05/2015,935451488,0.746157577,697994216
17/05/2015,1042868321,0.746157577,778144100
18/05/2015,1240747540,0.746157577,925793178
19/05/2015,1295631198,0.746157577,966745035
20/05/2015,1212924001,0.746157577,905032434
21/05/2015,1018766364,0.746157577,760160242
22/05/2015,907993995,0.746157577,677506599
23/05/2015,793220443,0.746157577,591867444
24/05/2015,842141839,0.746157577,628370514
25/05/2015,921158232,0.746157577,687329194
26/05/2015,916739453,0.746157577,684032089
27/05/2015,953128486,0.746157577,711184042
28/05/2015,947615262,0.746157577,707070308
29/05/2015,1068464448,0.746157577,797242844
30/05/2015,914388187,0.746157577,682277674
31/05/2015,1013801784,0.746157577,756455883
01/06/2015,1203174019,0.746157577,897757411
02/06/2015,1072511729,0.746157577,800262753
03/06/2015,895836972,0.746157577,668435544
04/06/2015,784790360,0.746157577,585577273
05/06/2015,736782029,0.746157577,549755494
06/06/2015,781683695,0.746157577,583259212
07/06/2015,768028870,0.746157577,573070561
08/06/2015,863598496,0.746157577,644380561
09/06/2015,923133730,0.746157577,688803227
10/06/2015,848969076,0.743389693,631114861
11/06/2015,720834325,0.740621809,533865622
12/06/2015,684001349,0.737853925,504693080
13/06/2015,697822159,0.735086041,512959328
14/06/2015,775177551,0.732318157,567676595
15/06/2015,794062162,0.729550273,579308267
16/06/2015,707197075,0.726782389,513978379
17/06/2015,740270722,0.724014504,535966740
18/06/2015,765653848,0.72124662,552225250
19/06/2015,784692973,0.718478736,563785216
20/06/2015,668586257,0.715710852,478514440
21/06/2015,698346257,0.712942968,497881053
22/06/2015,827867626,0.710175084,587930961
23/06/2015,777726282,0.7074072,550169172
24/06/2015,719963302,0.704639316,507314449
25/06/2015,652719028,0.701871432,458124839
26/06/2015,636579472,0.699103548,445034967
27/06/2015,555781065,0.696335664,387010177
28/06/2015,616015555,0.69356778,427248541
29/06/2015,627992142,0.690799896,433816906
30/06/2015,578418192,0.688032012,397970232
01/07/2015,589056998,0.685264128,403659630
02/07/2015,613386360,0.682496243,418633886
03/07/2015,552613357,0.679728359,375626971
04/07/2015,503999522,0.676960475,341187756
05/07/2015,546737063,0.674192591,368606077
06/07/2015,635625878,0.671424707,426774919
07/07/2015,651852386,0.668656823,435865546
08/07/2015,678878654,0.665888939,452057787
09/07/2015,690419728,0.663121055,457831858
10/07/2015,595583561,0.660353171,393295493
11/07/2015,535132964,0.657585287,351895564
12/07/2015,576944749,0.654817403,377793462
13/07/2015,674597103,0.652049519,439870716
14/07/2015,657264039,0.649281635,426749470
15/07/2015,645729237,0.646513751,417472831
16/07/2015,624847089,0.643745866,402242731
17/07/2015,618541505,0.640977982,396471486
18/07/2015,567058984,0.638210098,361902770
19/07/2015,574399276,0.635442214,364997548
20/07/2015,622788593,0.63267433,394022356
21/07/2015,636283088,0.629906446,400798819
22/07/2015,652796628,0.627138562,409393939
23/07/2015,649399037,0.624370678,405465717
24/07/2015,686437148,0.624370678,428591228
25/07/2015,601253405,0.624370678,375404996
26/07/2015,682715453,0.624370678,426267510
27/07/2015,729507779,0.624370678,455483267
28/07/2015,767258243,0.624370678,479053549
29/07/2015,731943948,0.624370678,457004339
30/07/2015,716506882,0.624370678,447365888
31/07/2015,658456870,0.624370678,411121162
01/08/2015,598284539,0.624370678,373551323
02/08/2015,568337833,0.624370678,354853478
03/08/2015,566108339,0.624370678,353461447
04/08/2015,623865861,0.624370678,389523551
05/08/2015,620177656,0.624370678,387220744
06/08/2015,620966612,0.624370678,387713345
07/08/2015,594511412,0.624370678,371195493
08/08/2015,513268908,0.624370678,320470056
09/08/2015,534640105,0.624370678,333813605
10/08/2015,597585370,0.624370678,373114783
11/08/2015,640016117,0.624370678,399607297
12/08/2015,605834183,0.624370678,378265100
13/08/2015,609450232,0.624370678,380522855
14/08/2015,651142475,0.624370678,406554269
15/08/2015,594695173,0.624370678,371310228
16/08/2015,584800160,0.624370678,365132072
17/08/2015,629550615,0.624370678,393072944
18/08/2015,668686775,0.624370678,417508415
19/08/2015,670923369,0.624370678,418904879
20/08/2015,637640722,0.624370678,398124170
21/08/2015,593606925,0.624370678,370630758
22/08/2015,522153960,0.624370678,326017622
23/08/2015,553471516,0.624370678,345571386
24/08/2015,662709500,0.624370678,413776380
25/08/2015,695527567,0.624370678,434267019
26/08/2015,687858615,0.624370678,429478750
27/08/2015,683293362,0.624370678,426628340
28/08/2015,664364432,0.624370678,414809671
29/08/2015,586262930,0.624370678,366045383
30/08/2015,601080474,0.624370678,375297023
31/08/2015,721519179,0.624370678,450495419
01/09/2015,742473116,0.624370678,463578443
02/09/2015,803523473,0.624370678,501696496
03/09/2015,882354167,0.624370678,550916069
04/09/2015,867175494,0.624370678,541438951
05/09/2015,812026075,0.624370678,507005271
06/09/2015,790110987,0.624370678,493322133
07/09/2015,808626722,0.624370678,504882815
08/09/2015,886509322,0.624370678,553510426
09/09/2015,857799510,0.624370678,535584862
10/09/2015,764076355,0.628943204,480560631
11/09/2015,714386475,0.63351573,452575069
12/09/2015,694209949,0.638088256,442967216
13/09/2015,745118966,0.642660783,478858738
14/09/2015,939436538,0.647233309,608034619
15/09/2015,951501236,0.651805835,620194058
16/09/2015,956606727,0.656378361,627895956
17/09/2015,938192558,0.660950887,620099204
18/09/2015,880988120,0.665523413,586318221
19/09/2015,788654264,0.67009594,528474020
20/09/2015,844058228,0.674668466,569459470
21/09/2015,967929707,0.679240992,657457534
22/09/2015,1053050768,0.683813518,720090350
23/09/2015,1061491352,0.688386044,730715833
24/09/2015,974651247,0.69295857,675392935
25/09/2015,976433871,0.697531097,681092989
26/09/2015,944200110,0.702103623,662926318
27/09/2015,930242604,0.706676149,657380261
28/09/2015,976448454,0.711248675,694497669
29/09/2015,959613214,0.715821201,686911484
30/09/2015,922495007,0.720393727,664559617
01/10/2015,986081916,0.724966254,714876112
02/10/2015,974157534,0.72953878,710685699
03/10/2015,1031026936,0.734111306,756888530
04/10/2015,998922168,0.738683832,737887655
05/10/2015,1059743692,0.743256358,787661237
06/10/2015,901186203,0.747828884,673933073
07/10/2015,1045347962,0.75240141,786521281
08/10/2015,1161339857,0.756973937,879104003
09/10/2015,1126147061,0.761546463,857613311
10/10/2015,1110297493,0.766118989,850619993
11/10/2015,1105482178,0.770691515,851985735
12/10/2015,1343376365,0.775264041,1041471390
13/10/2015,1476809964,0.779836567,1151670413
14/10/2015,1503224519,0.784409094,1179142982
15/10/2015,1546169501,0.78898162,1219899317
16/10/2015,1458544702,0.793554146,1157434195
17/10/2015,1355685037,0.798126672,1082008387
18/10/2015,1273113735,0.802699198,1021927374
19/10/2015,1358374430,0.807271724,1096577268
20/10/2015,1359265453,0.811844251,1103511843
21/10/2015,1340033379,0.816416777,1094025732
22/10/2015,1308684929,0.820989303,1074416327
23/10/2015,1452002902,0.825561829,1198718171
24/10/2015,1413900669,0.825561829,1167262422
25/10/2015,1542133928,0.825561829,1273126906
26/10/2015,1500133090,0.825561829,1238452618
27/10/2015,1302821247,0.825561829,1075559492
28/10/2015,1290487013,0.825561829,1065376819
29/10/2015,1374231626,0.825561829,1134513175
30/10/2015,1277275220,0.825561829,1054469667
31/10/2015,1153696416,0.825561829,952447723
01/11/2015,1279800857,0.825561829,1056554736
02/11/2015,1517722851,0.825561829,1252974053
03/11/2015,1524728232,0.825561829,1258757428
04/11/2015,1406645605,0.825561829,1161272918
05/11/2015,1320336215,0.825561829,1090019181
06/11/2015,1228351976,0.825561829,1014080504
07/11/2015,1216364638,0.825561829,1004184215
08/11/2015,1387224970,0.825561829,1145239983
09/11/2015,1491461758,0.825561829,1231293897
10/11/2015,1238363537,0.825561829,1022345667
11/11/2015,1288149597,0.825561829,1063447137
12/11/2015,1434048671,0.825561829,1183895844
13/11/2015,1775713884,0.825561829,1465961602
14/11/2015,1728692484,0.825561829,1427142529
15/11/2015,1343555121,0.825561829,1109187823
16/11/2015,1551709454,0.825561829,1281032095
17/11/2015,1620079803,0.825561829,1337476045
18/11/2015,1656642688,0.825561829,1367660968
19/11/2015,1774732150,0.825561829,1465151120
20/11/2015,2017103586,0.825561829,1665243726
21/11/2015,2385559350,0.825561829,1969426740
22/11/2015,2380018435,0.825561829,1964852372
23/11/2015,2486282111,0.825561829,2052579607
24/11/2015,2172236197,0.825561829,1793315288
25/11/2015,2070196591,0.825561829,1709075284
26/11/2015,1914704822,0.825561829,1580707215
27/11/2015,1802192059,0.825561829,1487820972
28/11/2015,2118943355,0.825561829,1749318752
29/11/2015,1973486714,0.825561829,1629235301
30/11/2015,2045023513,0.825561829,1688293352
01/12/2015,1831912002,0.825561829,1512356623
02/12/2015,1717509332,0.825561829,1417910145
03/12/2015,1757423109,0.825561829,1450861436
04/12/2015,1880121340,0.825561829,1552156412
05/12/2015,1735151027,0.825561829,1432474455
06/12/2015,1609051303,0.825561829,1328371337
07/12/2015,1646282671,0.825561829,1359108133
08/12/2015,1761485471,0.825561829,1454215167
09/12/2015,2014939475,0.825561829,1663457118
10/12/2015,1969297817,0.825561829,1625777108
11/12/2015,2079221531,0.826565128,1718612010
12/12/2015,2023555589,0.827568427,1674630715
13/12/2015,2006403907,0.828571725,1662449547
14/12/2015,2029048305,0.829575024,1683247796
15/12/2015,1846856616,0.830578323,1533959070
16/12/2015,1565848672,0.831581622,1302130978
17/12/2015,1550345254,0.83258492,1290794080
18/12/2015,1537706707,0.833588219,1281814195
19/12/2015,1296878837,0.834591518,1082364077
20/12/2015,1506987352,0.835594817,1259230820
21/12/2015,1902858956,0.836598115,1591928216
22/12/2015,1662485570,0.837601414,1392500264
23/12/2015,1801641202,0.838604713,1510864803
24/12/2015,1810380551,0.839608012,1520010014
25/12/2015,1691238660,0.84061131,1421674346
26/12/2015,1365796921,0.841614609,1149474642
27/12/2015,1445597616,0.842617908,1218086439
28/12/2015,1559162364,0.843621207,1315342435
29/12/2015,1607737529,0.844624505,1357934515
30/12/2015,1671779954,0.845627804,1413703611
31/12/2015,1920819159,0.846631103,1626225243
01/01/2016,2081476951,0.847634402,1764331470
02/01/2016,1807757086,0.8486377,1534130816
03/01/2016,1883996619,0.849640999,1600720769
04/01/2016,2074327654,0.850644298,1764514991
05/01/2016,2056058587,0.851647597,1751037354
06/01/2016,2106820192,0.852650895,1796382123
07/01/2016,2260547698,0.853654194,1929726023
08/01/2016,2352834914,0.854657493,2010867988
09/01/2016,2074331886,0.855660792,1774924463
10/01/2016,2194641329,0.85666409,1880070418
11/01/2016,2405565508,0.857667389,2063175088
12/01/2016,2494342827,0.858670688,2141819071
13/01/2016,2583776439,0.859673987,2221205392
14/01/2016,2766801280,0.860677285,2381323014
15/01/2016,2793689016,0.861680584,2407267583
16/01/2016,2737681259,0.862683883,2361753498
17/01/2016,2680632233,0.863687182,2315227698
18/01/2016,2731154711,0.86469048,2361603479
19/01/2016,2781569373,0.865693779,2407987302
20/01/2016,2802308092,0.866697078,2428752234
21/01/2016,2761035047,0.867700377,2395751150
22/01/2016,2353372270,0.868703675,2044383140
23/01/2016,2078428321,0.869706974,1807623606
24/01/2016,1709010969,0.869706974,1486338758
25/01/2016,1828230798,0.869706974,1590025075
26/01/2016,2050144754,0.869706974,1783025190
27/01/2016,1949792886,0.869706974,1695748471
28/01/2016,2242308523,0.869706974,1950151360
29/01/2016,2031394944,0.869706974,1766718350
30/01/2016,2163228870,0.869706974,1881375235
31/01/2016,2119659163,0.869706974,1843482357
01/02/2016,1996402242,0.869706974,1736284953
02/02/2016,2258543908,0.869706974,1964271388
03/02/2016,2422645704,0.869706974,2106991864
04/02/2016,2111180611,0.869706974,1836108501
05/02/2016,1980871684,0.869706974,1722777918
06/02/2016,1982445671,0.869706974,1724146826
07/02/2016,2125201964,0.869706974,1848302969
08/02/2016,2364707660,0.869706974,2056602743
09/02/2016,2373470263,0.869706974,2064223640
10/02/2016,2375650538,0.869706974,2066119841
11/02/2016,2441606084,0.869706974,2123481839
12/02/2016,2458528977,0.869706974,2138199797
13/02/2016,2449480335,0.869706974,2130330130
14/02/2016,2457274523,0.869706974,2137108790
15/02/2016,2733295748,0.869706974,2377166374
16/02/2016,2667812952,0.869706974,2320215530
17/02/2016,2594542453,0.869706974,2256491666
18/02/2016,2445479768,0.869706974,2126850809
19/02/2016,2390968761,0.869706974,2079442206
20/02/2016,2052873243,0.869706974,1785398176
21/02/2016,1831648192,0.869706974,1592997206
22/02/2016,2114554263,0.869706974,1839042589
23/02/2016,2270835601,0.869706974,1974961559
24/02/2016,2482388200,0.869706974,2158950330
25/02/2016,2552255815,0.869706974,2219714682
26/02/2016,2455311170,0.869706974,2135401248
27/02/2016,2403585009,0.869706974,2090414645
28/02/2016,2377887374,0.869706974,2068065233
29/02/2016,2480059156,0.869706974,2156924744
01/03/2016,2205863950,0.869706974,1918455261
02/03/2016,2457047588,0.869706974,2136911423
03/03/2016,2332791404,0.869706974,2028844953
04/03/2016,2388344559,0.869706974,2077159919
05/03/2016,2376543990,0.869706974,2066896882
06/03/2016,2387502107,0.869706974,2076427233
07/03/2016,2433978795,0.869706974,2116848333
08/03/2016,2488978457,0.869706974,2164681922
09/03/2016,2382425005,0.869706974,2072011642
10/03/2016,2316244601,0.869706974,2014454083
11/03/2016,2157480744,0.867026461,1870592893
12/03/2016,1916226759,0.864345947,1656282833
13/03/2016,1855139018,0.861665434,1598509167
14/03/2016,2019697363,0.85898492,1734889579
15/03/2016,2146035473,0.856304407,1837659633
16/03/2016,2097922322,0.853623894,1790836621
17/03/2016,2033268752,0.85094338,1730196585
18/03/2016,2286222023,0.848262867,1939317248
19/03/2016,2076370732,0.845582354,1755742450
20/03/2016,1872532521,0.84290184,1578361108
21/03/2016,1955365558,0.840221327,1642939843
22/03/2016,1913769303,0.837540813,1602859899
23/03/2016,1957836429,0.8348603,1634519908
24/03/2016,1966944807,0.832179787,1636851710
25/03/2016,1532687264,0.829499273,1271362972
26/03/2016,1659441642,0.82681876,1372057480
27/03/2016,1706222796,0.824138246,1406163463
28/03/2016,1871238601,0.821457733,1537143419
29/03/2016,1960950399,0.81877722,1605581516
30/03/2016,1839035368,0.816096706,1500830707
31/03/2016,1732773938,0.813416193,1409466380
01/04/2016,1877160388,0.81073568,1521880903
02/04/2016,1546774721,0.808055166,1249879304
03/04/2016,1428395928,0.805374653,1150393874
04/04/2016,1549381703,0.802694139,1243679613
05/04/2016,1566381321,0.800013626,1253126400
06/04/2016,1762855575,0.797333113,1405583123
07/04/2016,1874373227,0.794652599,1489475557
08/04/2016,1665511103,0.791972086,1319038302
09/04/2016,1628003733,0.789291572,1284969626
10/04/2016,1635173508,0.786611059,1286245565
11/04/2016,1664504525,0.783930546,1304855940
12/04/2016,1588453000,0.781250032,1240978957
13/04/2016,1448609984,0.778569519,1127843578
14/04/2016,1458738326,0.775889005,1131819029
15/04/2016,1680517374,0.773208492,1299390305
16/04/2016,1763677504,0.770527979,1358962862
17/04/2016,1643540129,0.767847465,1261988122
18/04/2016,1750789277,0.765166952,1339646095
19/04/2016,1425611801,0.762486439,1087009665
20/04/2016,1350564370,0.759805925,1026166811
21/04/2016,1390882491,0.757125412,1053072479
22/04/2016,1601712412,0.754444898,1208403758
23/04/2016,1577102141,0.751764385,1185609221
24/04/2016,1651395019,0.751764385,1241459961
25/04/2016,1810836095,0.751764385,1361322083
26/04/2016,1988126822,0.751764385,1494602938
27/04/2016,1944964338,0.751764385,1462154919
28/04/2016,2006543650,0.751764385,1508448053
29/04/2016,1947415655,0.751764385,1463997732
30/04/2016,1629097566,0.751764385,1224697530
01/05/2016,1495516978,0.751764385,1124276401
02/05/2016,1390212656,0.751764385,1045112362
03/05/2016,1413941705,0.751764385,1062951016
04/05/2016,1237420790,0.751764385,930248879
05/05/2016,1011403723,0.751764385,760337298
06/05/2016,904511462,0.751764385,679979503
07/05/2016,812000415,0.751764385,610432993
08/05/2016,757769140,0.751764385,569663852
09/05/2016,761012977,0.751764385,572102453
10/05/2016,841690157,0.751764385,632752683
11/05/2016,865705793,0.751764385,650806783
12/05/2016,822949054,0.751764385,618663789
13/05/2016,957077479,0.751764385,719496762
14/05/2016,974954949,0.751764385,732936408
15/05/2016,960613215,0.751764385,722154803
16/05/2016,970674263,0.751764385,729718340
17/05/2016,938743743,0.751764385,705714113
18/05/2016,1029999504,0.751764385,774316944
19/05/2016,1032327462,0.751764385,776067020
20/05/2016,920188745,0.751764385,691765126
21/05/2016,883773041,0.751764385,664389097
22/05/2016,843390529,0.751764385,634030962
23/05/2016,898586985,0.751764385,675525692
24/05/2016,918459024,0.751764385,690464783
25/05/2016,1184537313,0.751764385,890492965
26/05/2016,1038197156,0.751764385,780479646
27/05/2016,880109814,0.751764385,661635213
28/05/2016,743960544,0.751764385,559283041
29/05/2016,747300600,0.751764385,561793976
30/05/2016,811294760,0.751764385,609902506
31/05/2016,1022954162,0.751764385,769020506
01/06/2016,1098257348,0.751764385,825630760
02/06/2016,1044976085,0.751764385,785575804
03/06/2016,991694822,0.751764385,745520848
04/06/2016,772884157,0.751764385,581026783
05/06/2016,700653967,0.751764385,526726699
06/06/2016,708586743,0.751764385,532690277
07/06/2016,667553918,0.751764385,501843261
08/06/2016,675620782,0.751764385,507907642
09/06/2016,687402382,0.751764385,516764629
10/06/2016,656451958,0.747314432,490576022
11/06/2016,640034947,0.742864478,475459227
12/06/2016,652080602,0.738414525,481505788
13/06/2016,751866439,0.733964572,551843329
14/06/2016,768282507,0.729514618,560473320
15/06/2016,779640229,0.725064665,565289581
16/06/2016,800932936,0.720614712,577164057
17/06/2016,795622179,0.716164758,569796565
18/06/2016,741045498,0.711714805,527413052
19/06/2016,724515798,0.707264852,512424558
20/06/2016,757040447,0.702814898,532059305
21/06/2016,698091560,0.698364945,487522674
22/06/2016,689973861.5,0.693914992,478783206
23/06/2016,681856163,0.689465038,470115985
24/06/2016,673370979,0.685015085,461269278
25/06/2016,639707452,0.680565132,435362586
26/06/2016,683648933,0.676115178,462225420
27/06/2016,722978156,0.671665225,485599286
28/06/2016,789820013,0.667215272,526979974
29/06/2016,864838055,0.662765318,573184669
30/06/2016,787236472,0.658315365,518249865
01/07/2016,773765844,0.653865412,505938722
02/07/2016,739025748,0.649415458,479934745
03/07/2016,691258140,0.644965505,445837655
04/07/2016,714571703,0.640515551,457694288
05/07/2016,717318323,0.636065598,456261508
06/07/2016,712021270,0.631615645,449723774
07/07/2016,684217694,0.627165691,429117863
08/07/2016,642657714,0.622715738,400193073
09/07/2016,602503576,0.618265785,372507346
10/07/2016,592888839,0.613815831,363924556
11/07/2016,673510766,0.609365878,410414479
12/07/2016,723281497,0.604915925,437524496
13/07/2016,730881656,0.600465971,438869564
14/07/2016,699458864,0.596016018,416888687
15/07/2016,657067054,0.591566065,388698571
16/07/2016,568798314,0.587116111,333950654
17/07/2016,550644181,0.582666158,320841729
18/07/2016,571053384,0.578216205,330192320
19/07/2016,540654001,0.573766251,310209019
20/07/2016,550835706,0.569316298,313599745
21/07/2016,570331090,0.564866345,322160838
22/07/2016,561264072,0.560416391,314541586
23/07/2016,518010561,0.555966438,287996486
24/07/2016,531693797,0.555966438,295603906
25/07/2016,591163468,0.555966438,328667048
26/07/2016,611791619,0.555966438,340135607
27/07/2016,509508002,0.555966438,283269349
28/07/2016,533497090,0.555966438,296606477
29/07/2016,557454150,0.555966438,309925798
30/07/2016,581411210,0.555966438,323245119
31/07/2016,589427372,0.555966438,327701836
01/08/2016,614939359,0.555966438,341885645
02/08/2016,640451345,0.555966438,356069453
03/08/2016,613706098,0.555966438,341199993
04/08/2016,628965488,0.555966438,349683702
05/08/2016,602050264,0.555966438,334719741
06/08/2016,534256272,0.555966438,297028557
07/08/2016,518450811,0.555966438,288241251
08/08/2016,613363324,0.555966438,341009422
09/08/2016,636015454,0.555966438,353603246
10/08/2016,658667584,0.555966438,366197071
11/08/2016,681319714,0.555966438,378790895
12/08/2016,611889546.5,0.555966438,340190052
13/08/2016,542459379,0.555966438,301589209
14/08/2016,556151186,0.555966438,309201394
15/08/2016,554677901,0.555966438,308382297
16/08/2016,603367899,0.555966438,335452302
17/08/2016,554922059,0.555966438,308518041
18/08/2016,604189437,0.555966438,335909049
19/08/2016,623194237,0.555966438,346475080
20/08/2016,582349629,0.555966438,323766849
21/08/2016,582441352,0.555966438,323817844
22/08/2016,597939429.5,0.555966438,332434255
23/08/2016,613437507,0.555966438,341050666
24/08/2016,603605837,0.555966438,335584587
25/08/2016,612972630,0.555966438,340792210
26/08/2016,592399811,0.555966438,329354413
27/08/2016,559017655,0.555966438,310795054
28/08/2016,570546176,0.555966438,317204525
29/08/2016,582074697,0.555966438,323613996
30/08/2016,587609079,0.555966438,326690927
31/08/2016,609678478.7,0.555966438,338960772
01/09/2016,631747878.3,0.555966438,351230618
02/09/2016,653817278,0.555966438,363500463
03/09/2016,621504172,0.555966438,345535461
04/09/2016,613944875,0.555966438,341332745
05/09/2016,672507329,0.555966438,373891504
06/09/2016,632222285,0.555966438,351494372
07/09/2016,604821442,0.555966438,336260423
08/09/2016,637921431,0.555966438,354662906
09/09/2016,635851125,0.555966438,353511885
10/09/2016,633146390,0.562372912,356064379
11/09/2016,638088616,0.568779386,362931651
12/09/2016,666017132,0.57518586,383083637
13/09/2016,635741039,0.581592333,369742114
14/09/2016,631154172,0.587998807,371117900
15/09/2016,628741298,0.594405281,373727148
16/09/2016,653322671,0.600811755,392523940
17/09/2016,663420426,0.607218229,402840976
18/09/2016,663500076,0.613624703,407140037
19/09/2016,736761730,0.620031176,456815242
20/09/2016,762931098,0.62643765,477928764
21/09/2016,755778788,0.632844124,478290165
22/09/2016,759991513,0.639250598,485825029
23/09/2016,777091478,0.645657072,501734608
24/09/2016,679685088,0.652063546,443197868
25/09/2016,699718294,0.658470019,460743519
26/09/2016,909995836,0.664876493,605034840
27/09/2016,854907309.5,0.671282967,573884715
28/09/2016,799818783,0.677689441,542028744
29/09/2016,827630727,0.684095915,566178799
30/09/2016,916568469,0.690502389,632892717
01/10/2016,1007303364,0.696908863,701998642
02/10/2016,999593826,0.703315336,703029668
03/10/2016,1093331704,0.70972181,775961356
04/10/2016,1017204502,0.716128284,728448915
05/10/2016,1015022612,0.722534758,733389117
06/10/2016,1130266261,0.728941232,823897680
07/10/2016,1159724947,0.735347706,852801079
08/10/2016,1052324863,0.741754179,780566365
09/10/2016,1139101710,0.748160653,852231079
10/10/2016,1378863889,0.754567127,1040445363
11/10/2016,1432035940,0.760973601,1089741546
12/10/2016,1348241527,0.767380075,1034613684
13/10/2016,1413451478,0.773786549,1093709741
14/10/2016,1381047205,0.780193022,1077483393
15/10/2016,1231458717,0.786599496,968664806
16/10/2016,1240001356,0.79300597,983328478
17/10/2016,1272961334,0.799412444,1017621131
18/10/2016,1462685116,0.805818918,1178659337
19/10/2016,1499916634,0.812225392,1218270375
20/10/2016,1482520163,0.818631865,1213638247
21/10/2016,1526004335,0.825038339,1259012082
22/10/2016,1503637628,0.831444813,1250191707
23/10/2016,1522155905,0.837851287,1275340284
24/10/2016,1648587084,0.837851287,1381270810
25/10/2016,1552005227,0.837851287,1300349577
26/10/2016,1414782979,0.837851287,1185377740
27/10/2016,1426840767,0.837851287,1195480373
28/10/2016,1280540760,0.837851287,1072902724
29/10/2016,1220552082,0.837851287,1022641133
30/10/2016,1277959435,0.837851287,1070739957
31/10/2016,1455387027,0.837851287,1219397894
01/11/2016,1632814619,0.837851287,1368055830
02/11/2016,1910173041,0.837851287,1600440941
03/11/2016,2025834358,0.837851287,1697347924
04/11/2016,1873076246,0.837851287,1569359343
05/11/2016,1990671522,0.837851287,1667886697
06/11/2016,2177785560,0.837851287,1824660434
07/11/2016,2320662856,0.837851287,1944370361
08/11/2016,2451500589,0.837851287,2053992924
09/11/2016,2354698095,0.837851287,1972886829
10/11/2016,2249856668,0.837851287,1885045305
11/11/2016,2185419282,0.837851287,1831056358
12/11/2016,1908753702,0.837851287,1599251746
13/11/2016,1873265357,0.837851287,1569517790
14/11/2016,1803494398,0.837851287,1511060102
15/11/2016,1568586136,0.837851287,1314241913
16/11/2016,1713735793,0.837851287,1435855740
17/11/2016,2115780128,0.837851287,1772709103
18/11/2016,2364829133,0.837851287,1981375133
19/11/2016,2297801729,0.837851287,1925216136
20/11/2016,2270694469,0.837851287,1902504283
21/11/2016,2348956106,0.837851287,1968075897
22/11/2016,2206203594,0.837851287,1848470521
23/11/2016,2250896169,0.837851287,1885916252
24/11/2016,2285951112,0.837851287,1915287081
25/11/2016,2296632629,0.837851287,1924236604
26/11/2016,2279825614,0.837851287,1910154825
27/11/2016,2175594217,0.837851287,1822824415
28/11/2016,2375515724,0.837851287,1990328907
29/11/2016,2731827720,0.837851287,2288865371
30/11/2016,2761248685,0.837851287,2313515764
01/12/2016,2555477354,0.837851287,2141109990
02/12/2016,2357858407,0.837851287,1975534701
03/12/2016,2256185449,0.837851287,1890347882
04/12/2016,2455118588,0.837851287,2057024269
05/12/2016,2724947029,0.837851287,2283100375
06/12/2016,2469629368,0.837851287,2069182144
07/12/2016,1895929175,0.837851287,1588506699
08/12/2016,1781496068,0.837851287,1492628773
09/12/2016,1680546926,0.837851287,1408048405
10/12/2016,1668379663,0.837851287,1397854048
11/12/2016,1948419554,0.838297184,1633354626
12/12/2016,2197725444,0.838743081,1843327010
13/12/2016,1967175979,0.839188978,1650832400
14/12/2016,1869649330,0.839634875,1569822782
15/12/2016,2007577993,0.840080772,1686527671
16/12/2016,1941002992,0.84052667,1631464780
17/12/2016,2028890506,0.840972567,1706241256
18/12/2016,2071122514,0.841418464,1742680724
19/12/2016,2255334041,0.841864361,1898685351
20/12/2016,2320483538,0.842310258,1954567087
21/12/2016,2249477316,0.842756155,1895760854
22/12/2016,2308155644,0.843202052,1946241576
23/12/2016,2159432074,0.843647949,1821800441
24/12/2016,1977257275,0.844093846,1668990698
25/12/2016,1523808385,0.844539743,1286916742
26/12/2016,1991121001,0.84498564,1682468654
27/12/2016,2395339652,0.845431538,2025095685
28/12/2016,2600415575,0.845877435,2199632856
29/12/2016,2579205511,0.846323332,2182841801
30/12/2016,2414382920,0.846769229,2044425163
31/12/2016,2060840007,0.847215126,1745974826
01/01/2017,2138733325,0.847661023,1812920878
02/01/2017,2590364857,0.84810692,2196906361
03/01/2017,2699192198,0.848552817,2290407144
04/01/2017,2576082081,0.848998714,2187090375
05/01/2017,2848503874,0.849444611,2419646266
06/01/2017,2699578654,0.849890508,2294346275
07/01/2017,2081008858,0.850336406,1769557592
08/01/2017,1959101726,0.850782303,1666769078
09/01/2017,2199003278,0.8512282,1871853602
10/01/2017,2288295002,0.851674097,1948881579
11/01/2017,2340259671,0.852119994,1994182057
12/01/2017,2682087150,0.852565891,2286656021
13/01/2017,2930910677,0.853011788,2500101357
14/01/2017,2677478964,0.853457685,2285114999
15/01/2017,2368710164,0.853903582,2022650094
16/01/2017,2348469676,0.854349479,2006413845
17/01/2017,2458438146,0.854795376,2101461561
18/01/2017,2546659430,0.855241274,2178008254
19/01/2017,2561067938,0.855687171,2191472978
20/01/2017,2604125276,0.856133068,2229477761
21/01/2017,2703880559,0.856578965,2316087210
22/01/2017,2760902292,0.857024862,2366161906
23/01/2017,2826837164,0.857470759,2423930209
24/01/2017,2660773399,0.857470759,2281535386
25/01/2017,2705672384,0.857470759,2320034953
26/01/2017,3082327523,0.857470759,2643005721
27/01/2017,2920378199,0.857470759,2504138911
28/01/2017,2385560053,0.857470759,2045547989
29/01/2017,2421777415,0.857470759,2076603318
30/01/2017,2407116965,0.857470759,2064032411
31/01/2017,2383436918,0.857470759,2043727463
01/02/2017,2078440155,0.857470759,1782201657
02/02/2017,2017752892,0.857470759,1730164104
03/02/2017,2136360484,0.857470759,1831866646
04/02/2017,2205273933,0.857470759,1890957913
05/02/2017,2370814097,0.857470759,2032903763
06/02/2017,2644387011,0.857470759,2267484537
07/02/2017,2375817443,0.857470759,2037193986
08/02/2017,2623512932,0.857470759,2249585625
09/02/2017,2897039817,0.857470759,2484126931
10/02/2017,2929242316,0.857470759,2511739632
11/02/2017,2856014640,0.857470759,2448949041
12/02/2017,2789914284,0.857470759,2392269919
13/02/2017,2607991011,0.857470759,2236276032
14/02/2017,2470300863,0.857470759,2118210756
15/02/2017,2142235243,0.857470759,1836904080
16/02/2017,2118339117,0.857470759,1816413850
17/02/2017,1929051798,0.857470759,1654105509
18/02/2017,1834974009,0.857470759,1573436556
19/02/2017,1825690018,0.857470759,1565475805
20/02/2017,1739711544,0.857470759,1491751778
21/02/2017,1807475691,0.857470759,1549857553
22/02/2017,1884050562,0.857470759,1615518265
23/02/2017,2212448827,0.857470759,1897110175
24/02/2017,2162827719,0.857470759,1854561526
25/02/2017,2028909304,0.857470759,1739730401
26/02/2017,1915089318,0.857470759,1642133091
27/02/2017,2275687018,0.857470759,1951335075
28/02/2017,2460702866,0.857470759,2109980754
01/03/2017,2296705932,0.857470759,1969358179
02/03/2017,2267552009,0.857470759,1944359542
03/03/2017,2217632347,0.857470759,1901554892
04/03/2017,1898064724,0.857470759,1627535000
05/03/2017,2104970189,0.857470759,1804950386
06/03/2017,2125109784,0.857470759,1822219499
07/03/2017,2023619338,0.857470759,1735194410
08/03/2017,1863121891,0.857470759,1597572542
09/03/2017,1680880850,0.857470759,1441306178
10/03/2017,1755984701,0.857470759,1505705534
11/03/2017,1510373259,0.854511338,1290631075
12/03/2017,1574104247,0.851551918,1340431490
13/03/2017,1671975922,0.848592497,1418826223
14/03/2017,1629688538,0.845633076,1378118532
15/03/2017,1508626974,0.842673656,1271280207
16/03/2017,1731357117,0.839714235,1453845217
17/03/2017,1935864639,0.836754815,1619844057
18/03/2017,1566864850,0.833795394,1306444695
19/03/2017,1496686329,0.830835973,1243500843
20/03/2017,1794190901,0.827876553,1485368578
21/03/2017,2001890576,0.824917132,1651393833
22/03/2017,2202739409,0.821957711,1810558643
23/03/2017,2069641258,0.818998291,1695032653
24/03/2017,1906207399,0.81603887,1555539332
25/03/2017,1582194100,0.813079449,1286449508
26/03/2017,1519048344,0.810120029,1230611488
27/03/2017,1670094041,0.807160608,1348034122
28/03/2017,1619652675,0.804201188,1302526605
29/03/2017,1533130852,0.801241767,1228408473
30/03/2017,1254148274,0.798282346,1001164427
31/03/2017,1195413263,0.795322926,950739574
01/04/2017,1254443628,0.792363505,993975350
02/04/2017,1257630299,0.789404084,992778495
03/04/2017,1367238065,0.786444664,1075257080
04/04/2017,1400881062,0.783485243,1097569639
05/04/2017,1459876752,0.780525822,1139471503
06/04/2017,1410012508,0.777566402,1096378352
07/04/2017,1337101015,0.774606981,1035727781
08/04/2017,1096599534,0.771647561,846188355
09/04/2017,998335584,0.76868814,767408723
10/04/2017,1289193282,0.765728719,987172321
11/04/2017,1351636866,0.762769299,1030987104
12/04/2017,1422579449,0.759809878,1080889918
13/04/2017,1454720233,0.756850457,1101005674
14/04/2017,1391200370,0.753891037,1048813489
15/04/2017,1294434320,0.750931616,972031656
16/04/2017,1383264400,0.747972195,1034643310
17/04/2017,1460034928,0.745012775,1087744673
18/04/2017,1522841734,0.742053354,1130029817
19/04/2017,1455545897,0.739093934,1075785142
20/04/2017,1378002737,0.736134513,1014395374
21/04/2017,1328403236,0.733175092,973952165
22/04/2017,1200875379,0.730215672,876898021
23/04/2017,1166161509,0.727256251,848098247
24/04/2017,1512603133,0.727256251,1100050084
25/04/2017,1835099537,0.727256251,1334587609
26/04/2017,1884123584,0.727256251,1370240654
27/04/2017,1818539806,0.727256251,1322544442
28/04/2017,1526623099,0.727256251,1110246192
29/04/2017,1297581975,0.727256251,943674603
30/04/2017,1188573892,0.727256251,864397793
01/05/2017,1242648556,0.727256251,903723930
02/05/2017,1233860816,0.727256251,897332991
03/05/2017,1393132058,0.727256251,1013163998
04/05/2017,1308395156,0.727256251,951538556
05/05/2017,1201183049,0.727256251,873567881
06/05/2017,1245033677,0.727256251,905458524
07/05/2017,1137591384,0.727256251,827320445
08/05/2017,1378063725,0.727256251,1002205458
09/05/2017,1328460730,0.727256251,966131370
10/05/2017,1116754350,0.727256251,812166582
11/05/2017,1007998804,0.727256251,733073431
12/05/2017,1038853737,0.727256251,755512874
13/05/2017,956457639,0.727256251,695589797
14/05/2017,893455139,0.727256251,649770835
15/05/2017,1075301189,0.727256251,782019511
16/05/2017,911503297,0.727256251,662896471
17/05/2017,1022456090,0.727256251,743587583
18/05/2017,1010452002,0.727256251,734857535
19/05/2017,1076445741,0.727256251,782851894
20/05/2017,987520542,0.727256251,718180487
21/05/2017,878955514,0.727256251,639225892
22/05/2017,813463988,0.727256251,591596770
23/05/2017,787765444,0.727256251,572907343
24/05/2017,709595601,0.727256251,516057837
25/05/2017,648848981,0.727256251,471879477
26/05/2017,599152723,0.727256251,435737563
27/05/2017,552358978,0.727256251,401706520
28/05/2017,587645077,0.727256251,427368556
29/05/2017,695274057,0.727256251,505642404
30/05/2017,694009946,0.727256251,504723071
31/05/2017,704141918,0.727256251,512091611
01/06/2017,665455998,0.727256251,483957034
02/06/2017,665153200,0.727256251,483736823
03/06/2017,616712494,0.727256251,448508016
04/06/2017,670122988,0.727256251,487351132
05/06/2017,876568875,0.727256251,637490194
06/06/2017,1011692425,0.727256251,735759640
07/06/2017,892755896,0.727256251,649262306
08/06/2017,892844649,0.727256251,649326852
09/06/2017,773045217,0.727256251,562201966
10/06/2017,679782974,0.724592903,492565919
11/06/2017,686425128,0.721929556,495550588
12/06/2017,785061176,0.719266208,564667975
13/06/2017,757441790,0.71660286,542784953
14/06/2017,677286474,0.713939513,483541575
15/06/2017,682408272,0.711276165,485380739
16/06/2017,677954451,0.708612817,480407213
17/06/2017,570475311,0.70594947,402726743
18/06/2017,552166075,0.703286122,388330738
19/06/2017,579082013,0.700622774,405718046
20/06/2017,591249789,0.697959427,412668364
21/06/2017,592694735,0.695296079,412098325
22/06/2017,608209267,0.692632731,421265646
23/06/2017,639679654,0.689969383,441359376
24/06/2017,607151311,0.687306036,417298761
25/06/2017,627719494,0.684642688,429763562
26/06/2017,683617344,0.68197934,466212905
27/06/2017,759867273,0.679315993,516189991
28/06/2017,837370324,0.676652645,566608845
29/06/2017,906093491,0.673989297,610697315
30/06/2017,770599285,0.67132595,517323297
01/07/2017,667672668,0.668662602,446447743
02/07/2017,637900514,0.665999254,424841267
03/07/2017,664894625,0.663335907,441048479
04/07/2017,690954631,0.660672559,456494764
05/07/2017,667435079,0.658009211,439178430
06/07/2017,627194639,0.655345864,411029412
07/07/2017,611568654,0.652682516,399160168
08/07/2017,563804640,0.650019168,366483823
09/07/2017,569889784,0.647355821,368921469
10/07/2017,646963943,0.644692473,417092784
11/07/2017,707695614,0.642029125,454361196
12/07/2017,676231871,0.639365778,432359516
13/07/2017,653094137,0.63670243,415826624
14/07/2017,667655927,0.634039082,423319951
15/07/2017,606939526,0.631375734,383206889
16/07/2017,591862773,0.628712387,372111457
17/07/2017,622436885,0.626049039,389676014
18/07/2017,597805472,0.623385691,372663377
19/07/2017,614343990,0.620722344,381337041
20/07/2017,654880670,0.618058996,404754889
21/07/2017,636596537,0.615395648,391758739
22/07/2017,630418430,0.612732301,386277735
23/07/2017,634567891,0.610068953,387130169
24/07/2017,671509827,0.610068953,409667297
25/07/2017,650684365,0.610068953,396962329
26/07/2017,647713739,0.610068953,395150043
27/07/2017,667028910,0.610068953,406933629
28/07/2017,665487952,0.610068953,405993538
29/07/2017,596049469,0.610068953,363631275
30/07/2017,588063055,0.610068953,358759012
31/07/2017,631836179,0.610068953,385463636
01/08/2017,633500131,0.610068953,386478762
02/08/2017,648693458,0.610068953,395747739
03/08/2017,638676156,0.610068953,389636494
04/08/2017,612750676,0.610068953,373820163
05/08/2017,594584908,0.610068953,362737792
06/08/2017,608078772,0.610068953,370969980
07/08/2017,640878168,0.610068953,390979873
08/08/2017,685461984,0.610068953,418179075
09/08/2017,734968034,0.610068953,448381179
10/08/2017,688060346,0.610068953,419764255
11/08/2017,686186175,0.610068953,418620881
12/08/2017,588299229,0.610068953,358903095
13/08/2017,599306348,0.610068953,365618196
14/08/2017,680274667,0.610068953,415014454
15/08/2017,638441058,0.610068953,389493068
16/08/2017,669486549,0.610068953,408432958
17/08/2017,637902613,0.610068953,389164579
18/08/2017,677177598,0.610068953,413125028
19/08/2017,652310859,0.610068953,397954603
20/08/2017,659699293,0.610068953,402462057
21/08/2017,696495180,0.610068953,424910085
22/08/2017,650456162,0.610068953,396823110
23/08/2017,656639239,0.610068953,400595213
24/08/2017,679102064,0.610068953,414299085
25/08/2017,647850941,0.610068953,395233745
26/08/2017,566432311,0.610068953,345562767
27/08/2017,537034127,0.610068953,327627848
28/08/2017,559610362,0.610068953,341400908
29/08/2017,665353543,0.610068953,405911539
30/08/2017,736828681,0.610068953,449516302
31/08/2017,756089950,0.610068953,461267004
01/09/2017,735019340,0.610068953,448412479
02/09/2017,657451314,0.610068953,401090635
03/09/2017,715792974,0.610068953,436683070
04/09/2017,740549343,0.610068953,451786162
05/09/2017,739830292,0.610068953,451347492
06/09/2017,808279454,0.610068953,493106200
07/09/2017,810924870,0.610068953,494720086
08/09/2017,801037534,0.610068953,488688130
09/09/2017,769618225,0.610068953,469520185
10/09/2017,866415171,0.615338873,533138935
11/09/2017,907665098,0.620608794,563304941
12/09/2017,948915025,0.625878714,593905715
13/09/2017,978733361,0.631148634,617726224
14/09/2017,1027219412,0.636418554,653741493
15/09/2017,1067426835,0.641688475,684955498
16/09/2017,1039494565,0.646958395,672509735
17/09/2017,1021227417,0.652228315,666073438
18/09/2017,1081234049,0.657498235,710909479
19/09/2017,1053744559,0.662768156,698388338
20/09/2017,1009108991,0.668038076,674123229
21/09/2017,997616990,0.673307996,671703497
22/09/2017,1052550954,0.678577917,714237833
23/09/2017,861313592,0.683847837,589007437
24/09/2017,823865884,0.689117757,567740610
25/09/2017,876219347,0.694387677,608435917
26/09/2017,856221083,0.699657598,599061586
27/09/2017,905222393,0.704927518,638116175
28/09/2017,857618652,0.710197438,609078570
29/09/2017,872611217,0.715467358,624324842
30/09/2017,958547541,0.720737279,690860946
01/10/2017,936491466,0.726007199,679899546
02/10/2017,1024876854,0.731277119,749468993
03/10/2017,1206120830,0.73654704,888364727
04/10/2017,1267035132,0.74181696,939908150
05/10/2017,1150807986,0.74708688,859753548
06/10/2017,1230494536,0.7523568,925770932
07/10/2017,1091540760,0.757626721,826980446
08/10/2017,1040281944,0.762896641,793627601
09/10/2017,1119800886,0.768166561,860193596
10/10/2017,1087519392,0.773436481,841127172
11/10/2017,1119097843,0.778706402,871448655
12/10/2017,1189047776,0.783976322,932185302
13/10/2017,1000698648,0.789246242,789797648
14/10/2017,841067917,0.794516163,668242054
15/10/2017,858344532,0.799786083,686492011
16/10/2017,952873154,0.805056003,767116253
17/10/2017,1181272935,0.810325923,957216082
18/10/2017,1283113579,0.815595844,1046502102
19/10/2017,1192601953,0.820865764,978966113
20/10/2017,1202220701,0.826135684,993197421
21/10/2017,1202197062,0.831405604,999513375
22/10/2017,1359744319,0.836675525,1137664792
23/10/2017,1333166368,0.841945445,1122453351
24/10/2017,1141540668,0.841945445,961114966
25/10/2017,1144382784,0.841945445,963507872
26/10/2017,1308816977,0.841945445,1101952492
27/10/2017,1354578061,0.841945445,1140480828
28/10/2017,1408758664,0.841945445,1186097940
29/10/2017,1391899978,0.841945445,1171903846
30/10/2017,1845422637,0.841945445,1553745183
31/10/2017,1638379740,0.841945445,1379426359
01/11/2017,1582703537,0.841945445,1332550034
02/11/2017,1688489034,0.841945445,1421615651
03/11/2017,1595788435,0.841945445,1343566804
04/11/2017,1497127059,0.841945445,1260499308
05/11/2017,1843954455,0.841945445,1552509054
06/11/2017,2035764055,0.841945445,1714002273
07/11/2017,1922985580,0.841945445,1619048950
08/11/2017,2076138573,0.841945445,1747995415
09/11/2017,1895583510,0.841945445,1595977902
10/11/2017,1836225704,0.841945445,1546001867
11/11/2017,1795464005,0.841945445,1511682741
12/11/2017,2010296245,0.841945445,1692559767
13/11/2017,2372346454,0.841945445,1997386291
14/11/2017,1957375367,0.841945445,1648003274
15/11/2017,1781896256,0.841945445,1500259436
16/11/2017,1835238633,0.841945445,1545170808
17/11/2017,2181895015,0.841945445,1837036569
18/11/2017,2054515714,0.841945445,1729790147
19/11/2017,2119575064,0.841945445,1784566570
20/11/2017,1933891918,0.841945445,1628231491
21/11/2017,1675941367,0.841945445,1411051200
22/11/2017,1593588450,0.841945445,1341714537
23/11/2017,1904633855,0.841945445,1603597799
24/11/2017,2246632319,0.841945445,1891541848
25/11/2017,2383707086,0.841945445,2006951323
26/11/2017,2367740332,0.841945445,1993508187
27/11/2017,2332106516,0.841945445,1963506458
28/11/2017,2494548940,0.841945445,2100274117
29/11/2017,2703110341,0.841945445,2275871439
30/11/2017,2892429092,0.841945445,2435267499
01/12/2017,2757210837,0.841945445,2321421105
02/12/2017,2349675644,0.841945445,1978298706
03/12/2017,2114137580,0.841945445,1779988506
04/12/2017,2247187548,0.841945445,1892009320
05/12/2017,2173352961,0.841945445,1829844626
06/12/2017,2050101228,0.841945445,1726073391
07/12/2017,2205368091,0.841945445,1856799619
08/12/2017,2774164457,0.841945445,2335695128
09/12/2017,2832303933,0.841945445,2384645395
10/12/2017,2847798648,0.841945445,2397691100
11/12/2017,3119455763,0.842681763,2628708481
12/12/2017,3066376192,0.84341808,2586237122
13/12/2017,2690112467,0.844154398,2270870270
14/12/2017,2784708889,0.844890716,2352774687
15/12/2017,2793206299,0.845627034,2362010757
16/12/2017,2772647589,0.846363351,2346667305
17/12/2017,2615042094,0.847099669,2215201292
18/12/2017,2658385553,0.847835987,2253874938
19/12/2017,2531106532,0.848572304,2147826902
20/12/2017,2103092232,0.849308622,1786174366
21/12/2017,1943464344,0.85004494,1652032031
22/12/2017,1850151682,0.850781257,1574074374
23/12/2017,1786281296,0.851517575,1521049918
24/12/2017,1727284280,0.852253893,1472084752
25/12/2017,1685977155,0.852990211,1438122008
26/12/2017,2120144446,0.853726528,1810023557
27/12/2017,2606727364,0.854462846,2227351682
28/12/2017,2740978770,0.855199164,2344082752
29/12/2017,2606733168,0.855935481,2231195409
30/12/2017,2049306712,0.856671799,1755583268
31/12/2017,1957739197,0.857408117,1678581478
01/01/2018,2230449420,0.858144435,1914047756
02/01/2018,2372655896,0.858880752,2037828481
03/01/2018,2362124872,0.85961707,2030522861
04/01/2018,2303819624,0.860353388,1982099018
05/01/2018,2433281875,0.861089705,2095273973
06/01/2018,2581519904,0.861826023,2224821032
07/01/2018,2757063240,0.862562341,2378138922
08/01/2018,2978304821,0.863298658,2571166556
09/01/2018,2669269301,0.864034976,2306342037
10/01/2018,2391680778,0.864771294,2068256881
11/01/2018,2519541796,0.865507612,2180682602
12/01/2018,2422114436,0.866243929,2098141926
13/01/2018,2375832196,0.866980247,2059799584
14/01/2018,2423810308,0.867716565,2103180354
15/01/2018,2410969640,0.868452882,2093813533
16/01/2018,2678929287,0.8691892,2328496404
17/01/2018,2776043391,0.869925518,2414950984
18/01/2018,2638020476,0.870661835,2296823750
19/01/2018,2767517669,0.871398153,2411609786
20/01/2018,2685373603,0.872134471,2342006886
21/01/2018,2710770932,0.872870789,2366152761
22/01/2018,2388034189,0.873607106,2086203638
23/01/2018,2151135713,0.874343424,1880831365
24/01/2018,2237293982,0.874343424,1956163281
25/01/2018,2367224177,0.874343424,2069766892
26/01/2018,2440753817,0.874343424,2134057049
27/01/2018,2238762689,0.874343424,1957447435
28/01/2018,1931478578,0.874343424,1688775593
29/01/2018,2214590043,0.874343424,1936312241
30/01/2018,2450628379,0.874343424,2142690808
31/01/2018,2524458167,0.874343424,2207243397
01/02/2018,2638625649,0.874343424,2307064985
02/02/2018,2557361886,0.874343424,2236012548
03/02/2018,2508673527,0.874343424,2193442201
04/02/2018,2616636093,0.874343424,2287838561
05/02/2018,2872757763,0.874343424,2511776859
06/02/2018,2963416182,0.874343424,2591043451
07/02/2018,2907274212,0.874343424,2541956089
08/02/2018,2726477519,0.874343424,2383877689
09/02/2018,2701366508,0.874343424,2361922042
10/02/2018,2579497741,0.874343424,2255366887
11/02/2018,2563161897,0.874343424,2241083749
12/02/2018,2784429267,0.874343424,2434547419
13/02/2018,2881811509,0.874343424,2519692942
14/02/2018,2875798215,0.874343424,2514435258
15/02/2018,2488788552,0.874343424,2176055904
16/02/2018,2520357035,0.874343424,2203657600
17/02/2018,2299496765,0.874343424,2010549875
18/02/2018,2247044480,0.874343424,1964688565
19/02/2018,2161329745,0.874343424,1889744450
20/02/2018,2204120036,0.874343424,1927157859
21/02/2018,2409262160,0.874343424,2106522526
22/02/2018,2644635954,0.874343424,2312320055
23/02/2018,2834703294,0.874343424,2478504184
24/02/2018,2652845543,0.874343424,2319498055
25/02/2018,2727215316,0.874343424,2384522777
26/02/2018,3163477996,0.874343424,2765966183
27/02/2018,3319827984,0.874343424,2902669767
28/02/2018,3641947469,0.874343424,3184312820
01/03/2018,3892769871,0.874343424,3403617738
02/03/2018,3629039095,0.874343424,3173026468
03/03/2018,3115551716,0.874343424,2724062155
04/03/2018,2638187446,0.874343424,2306681845
05/03/2018,2406891009,0.874343424,2104449326
06/03/2018,2383001024,0.874343424,2083561275
07/03/2018,2342157315,0.874343424,2047849846
08/03/2018,2421638763,0.874343424,2117343928
09/03/2018,2294372113,0.874343424,2006069169
10/03/2018,2102596569,0.874343424,1838391483
11/03/2018,1910821025,0.871160544,1664631883
12/03/2018,2158504385,0.867977664,1873533593
13/03/2018,2084288604,0.864794783,1802481912
14/03/2018,2110435901,0.861611903,1818376693
15/03/2018,2102081008,0.858429023,1804487346
16/03/2018,2088492300,0.855246143,1786174984
17/03/2018,2887940932,0.852063263,2460708373
18/03/2018,3203049106,0.848880382,2719005550
19/03/2018,2987542245,0.845697502,2526557014
20/03/2018,2693217143,0.842514622,2269074823
21/03/2018,2398892040,0.839331742,2013466234
22/03/2018,2185148835,0.836148862,1827109711
23/03/2018,2019038485,0.832965981,1681790373
24/03/2018,1894649309,0.829783101,1572147979
25/03/2018,1796668945,0.826600221,1485126947
26/03/2018,1919034638,0.823417341,1580166398
27/03/2018,2035214743,0.820234461,1669353267
28/03/2018,2171321910,0.81705158,1774081998
29/03/2018,2243838288,0.8138687,1826189751
30/03/2018,2200695144,0.81068582,1784072347
31/03/2018,2217202308,0.80750294,1790397382
01/04/2018,2169222030,0.80432006,1744748792
02/04/2018,2208194322,0.801137179,1769066570
03/04/2018,1856624996,0.797954299,1481501897
04/04/2018,1953560426,0.794771419,1552633992
05/04/2018,1883680320,0.791588539,1491099752
06/04/2018,1727334320,0.788405658,1361840152
07/04/2018,1575190772,0.785222778,1236875674
08/04/2018,1592944263,0.782039898,1245745969
09/04/2018,1777896347,0.778857018,1384727047
10/04/2018,1878080164,0.775674138,1456778212
11/04/2018,1939774243,0.772491257,1498458644
12/04/2018,2018675933,0.769308377,1552984306
13/04/2018,1913474098,0.766125497,1465961294
14/04/2018,1321762264,0.762942617,1008428761
15/04/2018,1436765492,0.759759737,1091596572
16/04/2018,1413953209,0.756576856,1069764274
17/04/2018,1395357882,0.753393976,1051254223
18/04/2018,963300473,0.750211096,722678704
19/04/2018,817398292,0.747028216,610619588
20/04/2018,808002832,0.743845336,601029138
21/04/2018,720384559,0.740662455,533561796
22/04/2018,814334730,0.737479575,600555231
23/04/2018,1064560388,0.734296695,781703175
24/04/2018,1296497849,0.734296695,952014086
25/04/2018,1307537969,0.734296695,960120809
26/04/2018,1367142169,0.734296695,1003887976
27/04/2018,1589652266,0.734296695,1167276405
28/04/2018,1579460862,0.734296695,1159792891
29/04/2018,1762331910,0.734296695,1294074497
30/04/2018,1907338257,0.734296695,1400552178
01/05/2018,1590758447,0.734296695,1168088670
02/05/2018,1542446585,0.734296695,1132613430
03/05/2018,1348284051,0.734296695,990040523
04/05/2018,1024296783,0.734296695,752137742
05/05/2018,774531989,0.734296695,568736280
06/05/2018,666027409,0.734296695,489061725
07/05/2018,664207302,0.734296695,487725227
08/05/2018,730083343,0.734296695,536097786
09/05/2018,837414031,0.734296695,614910355
10/05/2018,899504059,0.734296695,660502858
11/05/2018,981072911,0.734296695,720398596
12/05/2018,918538158,0.734296695,674479534
13/05/2018,848650204,0.734296695,623161040
14/05/2018,843803708,0.734296695,619602274
15/05/2018,785293218,0.734296695,576638215
16/05/2018,935514729,0.734296695,686945374
17/05/2018,945715186,0.734296695,694435535
18/05/2018,872196175,0.734296695,640450769
19/05/2018,703279148,0.734296695,516415554
20/05/2018,694505875,0.734296695,509973369
21/05/2018,691851583,0.734296695,508024331
22/05/2018,741162332,0.734296695,544233051
23/05/2018,805531118,0.734296695,591498838
24/05/2018,819603839,0.734296695,601832390
25/05/2018,831770230,0.734296695,610766131
26/05/2018,660775806,0.734296695,485205490
27/05/2018,584688848,0.734296695,429335089
28/05/2018,587068802,0.734296695,431082681
29/05/2018,687916985,0.734296695,505135169
30/05/2018,763858957,0.734296695,560899108
31/05/2018,684519969,0.734296695,502640751
01/06/2018,620732955,0.734296695,455802157
02/06/2018,558892984,0.734296695,410393271
03/06/2018,575613708,0.734296695,422671243
04/06/2018,689098977,0.734296695,506003101
05/06/2018,738795665,0.734296695,542495215
06/06/2018,737345061,0.734296695,541430041
07/06/2018,709228357,0.734296695,520784039
08/06/2018,694191551,0.734296695,509742562
09/06/2018,598232796,0.734296695,439280365
10/06/2018,611048995,0.732260036,447446759
11/06/2018,649181856,0.730223376,474047767
12/06/2018,695209174,0.728186717,506242086
13/06/2018,696057677,0.726150058,505442322
14/06/2018,687014697,0.724113398,497476547
15/06/2018,685885463,0.722076739,495261939
16/06/2018,621763553,0.72004008,447694678
17/06/2018,641017379,0.71800342,460252671
18/06/2018,695824133,0.715966761,498186951
19/06/2018,660356516,0.713930102,471448395
20/06/2018,689520281,0.711893443,490864967
21/06/2018,711393960,0.709856783,504987828
22/06/2018,664353639,0.707820124,470242875
23/06/2018,602525306,0.705783465,425252398
24/06/2018,570609784,0.703746805,401564813
25/06/2018,596453748,0.701710146,418537647
26/06/2018,596024495,0.699673487,417022537
27/06/2018,586626781,0.697636827,409252446
28/06/2018,588347376,0.695600168,409254534
29/06/2018,570235704,0.693563509,395494676
30/06/2018,504616035,0.691526849,348955537
01/07/2018,506541196,0.68949019,349255185
02/07/2018,541737942,0.687453531,372419661
03/07/2018,576438515,0.685416871,395100683
04/07/2018,586201897,0.683380212,400598777
05/07/2018,571673831,0.681343553,389506279
06/07/2018,564179993,0.679306893,383251358
07/07/2018,499796080,0.677270234,338497008
08/07/2018,493023472,0.675233575,332906001
09/07/2018,561039335,0.673196915,377689950
10/07/2018,586792197,0.671160256,393831601
11/07/2018,578821733,0.669123597,387303280
12/07/2018,594793414,0.667086938,396778917
13/07/2018,580680104,0.665050278,386181465
14/07/2018,491649797,0.663013619,325970511
15/07/2018,488723233,0.66097696,323034797
16/07/2018,554685645,0.6589403,365504725
17/07/2018,567306611,0.656903641,372665778
18/07/2018,577542177,0.654866982,378213302
19/07/2018,561782617,0.652830322,366748727
20/07/2018,562268232,0.650793663,365920602
21/07/2018,516116044,0.648757004,334833898
22/07/2018,508374497,0.646720344,328776130
23/07/2018,528443785,0.644683685,340679087
24/07/2018,527933212,0.644683685,340349929
25/07/2018,527225842,0.644683685,339893899
26/07/2018,524686512,0.644683685,338256834
27/07/2018,483481098,0.644683685,311692376
28/07/2018,478909945,0.644683685,308745428
29/07/2018,514627381,0.644683685,331771876
30/07/2018,551097802,0.644683685,355283762
31/07/2018,563233539,0.644683685,363107473
01/08/2018,553818884,0.644683685,357037999
02/08/2018,532519785,0.644683685,343306817
03/08/2018,511220685,0.644683685,329575635
04/08/2018,454439286,0.644683685,292969594
05/08/2018,456908710,0.644683685,294561591
06/08/2018,509682074,0.644683685,328583718
07/08/2018,531354384,0.644683685,342555502
08/08/2018,547458056,0.644683685,352937277
09/08/2018,588035362,0.644683685,379096804
10/08/2018,613758423,0.644683685,395680042
11/08/2018,569543639,0.644683685,367175492
12/08/2018,549311029,0.644683685,354131858
13/08/2018,624657394,0.644683685,402706431
14/08/2018,607359058,0.644683685,391554476
15/08/2018,595170289,0.644683685,383696575
16/08/2018,609761240,0.644683685,393103123
17/08/2018,621665221,0.644683685,400777426
18/08/2018,551622209,0.644683685,355621838
19/08/2018,551827352,0.644683685,355754091
20/08/2018,642702537,0.644683685,414339840
21/08/2018,589985050,0.644683685,380353736
22/08/2018,597499948,0.644683685,385198468
23/08/2018,648270476,0.644683685,417929399
24/08/2018,695568425,0.644683685,448421615
25/08/2018,666489138,0.644683685,429674673
26/08/2018,755004408,0.644683685,486739024
27/08/2018,738374707,0.644683685,476018127
28/08/2018,723492916,0.644683685,466424079
29/08/2018,750150890,0.644683685,483610040
30/08/2018,763809360,0.644683685,492415433
31/08/2018,713810737,0.644683685,460182136
01/09/2018,594933240,0.644683685,383543753
02/09/2018,569137752,0.644683685,366913823
03/09/2018,687312010,0.644683685,443098839
04/09/2018,727566771,0.644683685,469050427
05/09/2018,735174217,0.644683685,473954823
06/09/2018,775901441,0.644683685,500211000
07/09/2018,822230249,0.644683685,530078427
08/09/2018,781220245,0.644683685,503639946
09/09/2018,691894668,0.644683685,446053204
10/09/2018,780786851,0.649351657,507005236
11/09/2018,776651133,0.65401963,507945086
12/09/2018,800989517,0.658687602,527601864
13/09/2018,861227784,0.663355574,571300251
14/09/2018,830771387,0.668023547,554974849
15/09/2018,751304427,0.672691519,505396116
16/09/2018,719902102,0.677359492,487632522
17/09/2018,719397671,0.682027464,490648969
18/09/2018,689120177,0.686695436,473215681
19/09/2018,745921740,0.691363409,515702997
20/09/2018,858882294,0.696031381,597809029
21/09/2018,957927259,0.700699353,671219011
22/09/2018,1077923105,0.705367326,760331738
23/09/2018,1104557422,0.710035298,784274758
24/09/2018,1212255762,0.71470327,866403158
25/09/2018,1190114795,0.719371243,856134359
26/09/2018,973616708,0.724039215,704936677
27/09/2018,862213270,0.728707188,628301007
28/09/2018,974862680,0.73337516,714940074
29/09/2018,1053009526,0.738043132,777166449
30/09/2018,1181864458,0.742711105,877783857
01/10/2018,1343968569,0.747379077,1004453989
02/10/2018,1119390028,0.752047049,841833968
03/10/2018,1088303437,0.756715022,823535559
04/10/2018,1029480474,0.761382994,783828926
05/10/2018,1051569029,0.766050966,805555471
06/10/2018,1289326967,0.770718939,993708712
07/10/2018,1429864249,0.775386911,1108698023
08/10/2018,1295368020,0.780054884,1010458150
09/10/2018,1052317048,0.784722856,825777239
10/10/2018,917040911,0.789390828,723903684
11/10/2018,913269249,0.794058801,725189485
12/10/2018,986548143,0.798726773,787982415
13/10/2018,763547232,0.803394745,613429834
14/10/2018,1045699415,0.808062718,844990711
15/10/2018,1327106143,0.81273069,1078579891
16/10/2018,1133000980,0.817398662,926113486
17/10/2018,1174084826,0.822066635,965175962
18/10/2018,1328347457,0.826734607,1098190813
19/10/2018,1429929099,0.83140258,1188846741
20/10/2018,1230275185,0.836070552,1028596853
21/10/2018,1123529304,0.840738524,944594369
22/10/2018,1453772323,0.845406497,1229028566
23/10/2018,1451649145,0.850074469,1234009876
24/10/2018,1332706702,0.850074469,1132899942
25/10/2018,1492694061,0.850074469,1268901111
26/10/2018,1648705364,0.850074469,1401522337
27/10/2018,2061888316,0.850074469,1752758615
28/10/2018,2004493148,0.850074469,1703968448
29/10/2018,2245190896,0.850074469,1908579459
30/10/2018,2258229764,0.850074469,1919663468
31/10/2018,2072028364,0.850074469,1761378411
01/11/2018,1952507141,0.850074469,1659776471
02/11/2018,2056486684,0.850074469,1748166826
03/11/2018,1729232757,0.850074469,1469976618
04/11/2018,1591089547,0.850074469,1352544602
05/11/2018,1642765974,0.850074469,1396473413
06/11/2018,1524111185,0.850074469,1295608006
07/11/2018,1568311933,0.850074469,1333181934
08/11/2018,1780906303,0.850074469,1513902980
09/11/2018,1774613487,0.850074469,1508553618
10/11/2018,1574180226,0.850074469,1338170420
11/11/2018,1641502335,0.850074469,1395399226
12/11/2018,1760756968,0.850074469,1496774545
13/11/2018,1733025139,0.850074469,1473200425
14/11/2018,1621817560,0.850074469,1378665701
15/11/2018,1610422600,0.850074469,1368979137
16/11/2018,1623756909,0.850074469,1380314292
17/11/2018,1679743811,0.850074469,1427907328
18/11/2018,1895070406,0.850074469,1610950969
19/11/2018,2195131984,0.850074469,1866025656
20/11/2018,2426163280,0.850074469,2062419462
21/11/2018,2525604689,0.850074469,2146952065
22/11/2018,2647748858,0.850074469,2250783705
23/11/2018,2338175766,0.850074469,1987623523
24/11/2018,2104713837,0.850074469,1789163497
25/11/2018,2170911613,0.850074469,1845436537
26/11/2018,2363437113,0.850074469,2009097549
27/11/2018,2398990085,0.850074469,2039320223
28/11/2018,1949837548,0.850074469,1657507118
29/11/2018,1877827190,0.850074469,1596292951
30/11/2018,2028246616,0.850074469,1724160665
01/12/2018,1886452902,0.850074469,1603625449
02/12/2018,1632404798,0.850074469,1387665642
03/12/2018,1951343847,0.850074469,1658787585
04/12/2018,2381767663,0.850074469,2024679881
05/12/2018,2142607346,0.850074469,1821375802
06/12/2018,1826727285,0.850074469,1552854227
07/12/2018,1944128552,0.850074469,1652654047
08/12/2018,1982361803,0.850074469,1685155157
09/12/2018,2020820468,0.850074469,1717847886
10/12/2018,2281203697,0.850074469,1939193021
11/12/2018,2265858012,0.850503039,1927119126
12/12/2018,2397066694,0.85093161,2039739820
13/12/2018,2675630312,0.85136018,2277925104
14/12/2018,2801258544,0.85178875,2386080514
15/12/2018,2755099476,0.85221732,2347943493
16/12/2018,2336301572,0.852645891,1992037935
17/12/2018,2333425686,0.853074461,1990585860
18/12/2018,2182799922,0.853503031,1863026350
19/12/2018,2197293649,0.853931602,1876338485
20/12/2018,2185857997,0.854360172,1867510014
21/12/2018,2006119081,0.854788742,1714808006
22/12/2018,1872708532,0.855217313,1601572758
23/12/2018,1920789447,0.855645883,1643515582
24/12/2018,2179665797,0.856074453,1865956205
25/12/2018,1984333648,0.856503023,1699587769
26/12/2018,1779933353,0.856931594,1525281125
27/12/2018,1986134302,0.857360164,1702832431
28/12/2018,1900581830,0.857788734,1630297682
29/12/2018,1749634728,0.858217305,1501566800
30/12/2018,1738119319,0.858645875,1492428983
31/12/2018,1816310237,0.859074445,1560345709
01/01/2019,1884485926,0.859503016,1619721336
02/01/2019,2500713804,0.859931586,2150442787
03/01/2019,2638380672,0.860360156,2269957607
04/01/2019,2691087103,0.860788726,2316457440
05/01/2019,2417099389,0.861217297,2081647802
06/01/2019,2128460347,0.861645867,1833979061
07/01/2019,2124021384,0.862074437,1831064539
08/01/2019,2301784044,0.862503008,1985295661
09/01/2019,2641344490,0.862931578,2279299568
10/01/2019,2613862642,0.863360148,2256704838
11/01/2019,2296014339,0.863788718,1983271283
12/01/2019,2022787419,0.864217289,1748127859
13/01/2019,1961885562,0.864645859,1696336227
14/01/2019,2273903473,0.865074429,1967095749
15/01/2019,2205859186,0.865503,1909177742
16/01/2019,2282171451,0.86593157,1976204307
17/01/2019,2674021435,0.86636014,2316665585
18/01/2019,2814836643,0.866788711,2439868624
19/01/2019,2549336827,0.867217281,2210828951
20/01/2019,2518787848,0.867645851,2185415826
21/01/2019,2712628904,0.868074421,2354763766
22/01/2019,2770360625,0.868502992,2406066491
23/01/2019,2982964349,0.868931562,2591991871
24/01/2019,2856731525,0.868931562,2482304186
25/01/2019,2286236844,0.868931562,1986583352
26/01/2019,2089469366,0.868931562,1815605880
27/01/2019,2449028678,0.868931562,2128038315
28/01/2019,2770446910,0.868931562,2407328761
29/01/2019,2870093232,0.868931562,2493914595
30/01/2019,2926749539,0.868931562,2543145049
31/01/2019,3159153486,0.868931562,2745088173
01/02/2019,3115056972,0.868931562,2706771320
02/02/2019,2874605504,0.868931562,2497835451
03/02/2019,2776868695,0.868931562,2412908853
04/02/2019,2514695477,0.868931562,2185098269
05/02/2019,2552301662,0.868931562,2217775470
06/02/2019,2272161988,0.868931562,1974353265
07/02/2019,2367375962,0.868931562,2057087693
08/02/2019,2258174047,0.868931562,1962198702
09/02/2019,2204813332,0.868931562,1915831892
10/02/2019,2271778858,0.868931562,1974020352
11/02/2019,2411925112,0.868931562,2095797855
12/02/2019,2328710769,0.868931562,2023490286
13/02/2019,2108858968,0.868931562,1832454117
14/02/2019,2153016969,0.868931562,1870824398
15/02/2019,2001230020,0.868931562,1738931927
16/02/2019,1772970723,0.868931562,1540590220
17/02/2019,1737259010,0.868931562,1509559185
18/02/2019,2032119901,0.868931562,1765773120
19/02/2019,2067814988,0.868931562,1796789707
20/02/2019,1941055044,0.868931562,1686643991
21/02/2019,1700235525,0.868931562,1477388311
22/02/2019,1701227233,0.868931562,1478250037
23/02/2019,1561560172,0.868931562,1356888919
24/02/2019,1655648552,0.868931562,1438645282
25/02/2019,1759737379,0.868931562,1529091349
26/02/2019,1651870596,0.868931562,1435362497
27/02/2019,1651004245,0.868931562,1434609697
28/02/2019,1902934416,0.868931562,1653519774
01/03/2019,1866935049,0.868931562,1622238788
02/03/2019,1687595612,0.868931562,1466405091
03/03/2019,1884101927,0.868931562,1637155630
04/03/2019,2110608389,0.868931562,1833974244
05/03/2019,2083550416,0.868931562,1810462717
06/03/2019,1921554571,0.868931562,1669699415
07/03/2019,2143155266,0.868931562,1862255253
08/03/2019,2204803855,0.868931562,1915823658
09/03/2019,1962109861,0.868931562,1704939186
10/03/2019,2184684355,0.868931562,1898341189
11/03/2019,2228513233,0.866598083,1931225296
12/03/2019,2325021872,0.864264605,2009434109
13/03/2019,2216047782,0.861931126,1910080560
14/03/2019,1960066589,0.859597647,1684868628
15/03/2019,1830660887,0.857264168,1569359983
16/03/2019,1932319192,0.85493069,1651998979
17/03/2019,2008086608,0.852597211,1712089041
18/03/2019,2092064456,0.850263732,1778806532
19/03/2019,1815881802,0.847930253,1539741117
20/03/2019,1619233274,0.845596775,1369218434
21/03/2019,1556446571,0.843263296,1312494266
22/03/2019,1651220916,0.840929817,1388560903
23/03/2019,1616175928,0.838596339,1355319216
24/03/2019,1652834719,0.83626286,1382204289
25/03/2019,1703086316,0.833929381,1420253717
26/03/2019,1739873244,0.831595902,1446871460
27/03/2019,1714947235,0.829262424,1422141301
28/03/2019,1543356911,0.826928945,1276246502
29/03/2019,1422015321,0.824595466,1172587387
30/03/2019,1306497805,0.822261987,1074283482
31/03/2019,1528525857,0.819928509,1253281926
01/04/2019,1681376347,0.81759503,1374684945
02/04/2019,1927511466,0.815261551,1571425988
03/04/2019,2106638547,0.812928073,1712545614
04/04/2019,2182962515,0.810594594,1769497613
05/04/2019,1841984193,0.808261115,1488804198
06/04/2019,1673665163,0.805927636,1348853009
07/04/2019,1613975415,0.803594158,1296981214
08/04/2019,1599059407,0.801260679,1281263426
09/04/2019,1698457302,0.7989272,1356943737
10/04/2019,1766686357,0.796593721,1407331260
11/04/2019,1750380439,0.794260243,1390257592
12/04/2019,1862194724,0.791926764,1474721842
13/04/2019,1816897226,0.789593285,1434609850
14/04/2019,1952432855,0.787259807,1537071912
15/04/2019,1726443499,0.784926328,1355130956
16/04/2019,1593385475,0.782592849,1246972079
17/04/2019,1310456091,0.78025937,1022495644
18/04/2019,1127938561,0.777925892,877452611
19/04/2019,908440536,0.775592413,704579587
20/04/2019,759119470,0.773258934,586995912
21/04/2019,704770019,0.770925455,543325148
22/04/2019,722287445,0.768591977,555144335
23/04/2019,809588070,0.766258498,620353739
24/04/2019,1014730459,0.766258498,777545837
25/04/2019,1155242571,0.766258498,885214437
26/04/2019,1247986248,0.766258498,956280068
27/04/2019,1504156140,0.766258498,1152572425
28/04/2019,1378958462,0.766258498,1056638640
29/04/2019,1257968806,0.766258498,963929288
30/04/2019,1192821478,0.766258498,914009594
01/05/2019,1138638938,0.766258498,872491762
02/05/2019,1212015616,0.766258498,928717265
03/05/2019,1436219347,0.766258498,1100515280
04/05/2019,1433915901,0.766258498,1098750245
05/05/2019,1442893170,0.766258498,1105629153
06/05/2019,1475823375,0.766258498,1130862203
07/05/2019,1380461183,0.766258498,1057790113
08/05/2019,1531683924,0.766258498,1173665823
09/05/2019,1577045558,0.766258498,1208424561
10/05/2019,1370164598,0.766258498,1049900267
11/05/2019,1170982429,0.766258498,897275237
12/05/2019,1043645613,0.766258498,799702320
13/05/2019,977336167,0.766258498,748892143
14/05/2019,872230454,0.766258498,668353998
15/05/2019,821318749,0.766258498,629342471
16/05/2019,845466933,0.766258498,647846222
17/05/2019,1005925228,0.766258498,770798754
18/05/2019,955480393,0.766258498,732144971
19/05/2019,897882369,0.766258498,688009995
20/05/2019,880016389,0.766258498,674320036
21/05/2019,864389286,0.766258498,662345636
22/05/2019,838990054,0.766258498,642883259
23/05/2019,784072141,0.766258498,600801941
24/05/2019,750371611,0.766258498,574978624
25/05/2019,676960762,0.766258498,518726937
26/05/2019,683364280,0.766258498,523633687
27/05/2019,834921002,0.766258498,639765313
28/05/2019,897022717,0.766258498,687351280
29/05/2019,998949551,0.766258498,765453583
30/05/2019,799820966,0.766258498,612869612
31/05/2019,740365931,0.766258498,567311686
01/06/2019,627585111,0.766258498,480892425
02/06/2019,631929737,0.766258498,484221531
03/06/2019,736516674,0.766258498,564362160
04/06/2019,862434010,0.766258498,660847389
05/06/2019,872088199,0.766258498,668244993
06/06/2019,801686106,0.766258498,614298791
07/06/2019,894911428,0.766258498,685733487
08/06/2019,921979859,0.766258498,706474902
09/06/2019,810256546,0.766258498,620865964
10/06/2019,1004087654,0.763344796,766465085
11/06/2019,1190631290,0.760431094,905393054
12/06/2019,1167094340,0.757517392,884094260
13/06/2019,1146758078,0.75460369,865347877
14/06/2019,948931258,0.751689987,713302125
15/06/2019,813931620,0.748776285,609452695
16/06/2019,786941106,0.745862583,586949926
17/06/2019,784981082,0.742948881,583200817
18/06/2019,779309544,0.740035179,576716478
19/06/2019,786164652,0.737121477,579498849
20/06/2019,769351818,0.734207775,564864086
21/06/2019,729864199,0.731294073,533745363
22/06/2019,602551196,0.728380371,438886463
23/06/2019,627914068,0.725466668,455530727
24/06/2019,715881761,0.722552966,517262490
25/06/2019,716305915,0.719639264,515481862
26/06/2019,747927829,0.716725562,536058994
27/06/2019,680273279,0.71381186,485587135
28/06/2019,604556330,0.710898158,429777981
29/06/2019,545919230,0.707984456,386502329
30/06/2019,528968693,0.705070754,372960355
01/07/2019,618001574,0.702157052,433934163
02/07/2019,651956643,0.699243349,455876347
03/07/2019,639359560,0.696329647,445205017
04/07/2019,611922286,0.693415945,424316670
05/07/2019,575159718,0.690502243,397149075
06/07/2019,526291418,0.687588541,361871948
07/07/2019,548570108,0.684674839,375592150
08/07/2019,625805621,0.681761137,426649952
09/07/2019,631794764,0.678847435,428892255
10/07/2019,607142373,0.675933732,410388010
11/07/2019,595139565,0.67302003,400540848
12/07/2019,569162815,0.670106328,381399604
13/07/2019,535565526,0.667192626,357325370
14/07/2019,536778272,0.664278924,356570493
15/07/2019,596381026,0.661365222,394425670
16/07/2019,589617302,0.65845152,388234409
17/07/2019,568976285,0.655537818,372985472
18/07/2019,584766145,0.652624116,381632488
19/07/2019,602509511,0.649710413,391456704
20/07/2019,523814262,0.646796711,338801342
21/07/2019,529417055,0.643883009,340882647
22/07/2019,569229348,0.640969307,364858541
23/07/2019,522615209,0.638055605,333457563
24/07/2019,530940256,0.638055605,338769406
25/07/2019,521760268,0.638055605,332912063
26/07/2019,500693681,0.638055605,319470410
27/07/2019,482903577,0.638055605,308119334
28/07/2019,522008103,0.638055605,333070196
29/07/2019,549676317,0.638055605,350724055
30/07/2019,548504175,0.638055605,349976163
31/07/2019,561873669,0.638055605,358506644
01/08/2019,567493075,0.638055605,362092137
02/08/2019,552060297,0.638055605,352245167
03/08/2019,486784581,0.638055605,310595630
04/08/2019,483825753,0.638055605,308707734
05/08/2019,546573005,0.638055605,348743969
06/08/2019,557582489,0.638055605,355768632
07/08/2019,572804300,0.638055605,365480994
08/08/2019,587881340,0.638055605,375100984
09/08/2019,542491225,0.638055605,346139567
10/08/2019,528003193,0.638055605,336895397
11/08/2019,566314014,0.638055605,361339831
12/08/2019,676188733,0.638055605,431446011
13/08/2019,674937681,0.638055605,430647770
14/08/2019,697923386,0.638055605,445313928
15/08/2019,640171039,0.638055605,408464720
16/08/2019,692541749,0.638055605,441880145
17/08/2019,582799105,0.638055605,371858236
18/08/2019,590086035,0.638055605,376507702
19/08/2019,648930716,0.638055605,414053881
20/08/2019,674870580,0.638055605,430604956
21/08/2019,645398585,0.638055605,411800185
22/08/2019,623190667,0.638055605,397630298
23/08/2019,579677607,0.638055605,369866546
24/08/2019,487632243,0.638055605,311136486
25/08/2019,467148125,0.638055605,298066480
26/08/2019,494023507,0.638055605,315214468
27/08/2019,559848246,0.638055605,357214311
28/08/2019,578182806,0.638055605,368912780
29/08/2019,596278215,0.638055605,380458657
30/08/2019,602178878,0.638055605,384223608
31/08/2019,566392673,0.638055605,361390020
01/09/2019,621956055,0.638055605,396842547
02/09/2019,706027202,0.638055605,450484614
03/09/2019,689335131,0.638055605,439834144
04/09/2019,727409767,0.638055605,464127879
05/09/2019,775007842,0.638055605,494498098
06/09/2019,776456929,0.638055605,495422696
07/09/2019,738299696,0.638055605,471076259
08/09/2019,767580925,0.638055605,489759311
09/09/2019,881592286,0.638055605,562504899
10/09/2019,815673428,0.643349274,524762908
11/09/2019,755060292,0.648642943,489764530
12/09/2019,741692291,0.653936612,485019744
13/09/2019,733432135,0.659230281,483500672
14/09/2019,682139073,0.66452395,453297751
15/09/2019,690061858,0.669817618,462215590
16/09/2019,788081601,0.675111287,532042784
17/09/2019,812910230,0.680404956,553108149
18/09/2019,869256474,0.685698625,596047969
19/09/2019,789010417,0.690992294,545200118
20/09/2019,717797591,0.696285963,499792387
21/09/2019,628777215,0.701579632,441137287
22/09/2019,677300441,0.706873301,478765598
23/09/2019,733873887,0.71216697,522640742
24/09/2019,771278686,0.717460639,553362099
25/09/2019,762908933,0.722754308,551395718
26/09/2019,748960667,0.728047976,545279298
27/09/2019,858964843,0.733341645,629914691
28/09/2019,830623455,0.738635314,613527817
29/09/2019,874168462,0.743928983,650319255
30/09/2019,996947314,0.749222652,746935511
01/10/2019,1053993891,0.754516321,795255593
02/10/2019,1259016597,0.75980999,956613388
03/10/2019,1518082192,0.765103659,1161490239
04/10/2019,1251391544,0.770397328,964068701
05/10/2019,1131301376,0.775690997,877540292
06/10/2019,1085495478,0.780984666,847755323
07/10/2019,1274179013,0.786278334,1001859352
08/10/2019,1182226774,0.791572003,935817616
09/10/2019,1308807646,0.796865672,1042943885
10/10/2019,1316079783,0.802159341,1055705692
11/10/2019,1171803642,0.80745301,946176378
12/10/2019,1173792728,0.812746679,953996142
13/10/2019,1230594425,0.818040348,1006675892
14/10/2019,1424985764,0.823334017,1173239253
15/10/2019,1329930479,0.828627686,1102017215
16/10/2019,1310001900,0.833921355,1092438559
17/10/2019,1429072952,0.839215024,1199299491
18/10/2019,1397047193,0.844508692,1179818498
19/10/2019,1350541358,0.849802361,1147693235
20/10/2019,1496725180,0.85509603,1279843760
21/10/2019,1557783927,0.860389699,1340301244
22/10/2019,1566143225,0.865683368,1355784142
23/10/2019,1578649551,0.870977037,1374967508
24/10/2019,1480173710,0.870977037,1289197312
25/10/2019,1589108382,0.870977037,1384076910
26/10/2019,1588075155,0.870977037,1383176993
27/10/2019,1730535258,0.870977037,1507256471
28/10/2019,2020336512,0.870977037,1759666709
29/10/2019,1963554584,0.870977037,1710210954
30/10/2019,1929092256,0.870977037,1680195057
31/10/2019,1888622843,0.870977037,1644947128
01/11/2019,1573162970,0.870977037,1370188822
02/11/2019,1520363128,0.870977037,1324201372
03/11/2019,1592257554,0.870977037,1386819767
04/11/2019,1724776751,0.870977037,1502240944
05/11/2019,1800943048,0.870977037,1568580040
06/11/2019,2061214570,0.870977037,1795270559
07/11/2019,2018387459,0.870977037,1757969129
08/11/2019,2201804910,0.870977037,1917721517
09/11/2019,2259238800,0.870977037,1967745116
10/11/2019,2053640280,0.870977037,1788673526
11/11/2019,2208442939,0.870977037,1923503087
12/11/2019,2318599705,0.870977037,2019447101
13/11/2019,2315605227,0.870977037,2016838979
14/11/2019,2424038202,0.870977037,2111281611
15/11/2019,2307731140,0.870977037,2009980831
16/11/2019,2099897496,0.870977037,1828962499
17/11/2019,2092422841,0.870977037,1822452246
18/11/2019,2392211669,0.870977037,2083561431
19/11/2019,2634917981,0.870977037,2294953056
20/11/2019,2456099432,0.870977037,2139206206
21/11/2019,2500371914,0.870977037,2177766521
22/11/2019,2213456838,0.870977037,1927870078
23/11/2019,1926155310,0.870977037,1677637045
24/11/2019,1803201917,0.870977037,1570547463
25/11/2019,1860734007,0.870977037,1620656592
26/11/2019,1773026229,0.870977037,1544265131
27/11/2019,1855412472,0.870977037,1616021657
28/11/2019,2040623774,0.870977037,1777336448
29/11/2019,2416308236,0.870977037,2104548988
30/11/2019,2540458642,0.870977037,2212681141
01/12/2019,2545392457,0.870977037,2216978380
02/12/2019,2717567932,0.870977037,2366939265
03/12/2019,2451924219,0.870977037,2135569691
04/12/2019,2516735976,0.870977037,2192019243
05/12/2019,2436410125,0.870977037,2122057272
06/12/2019,1963715720,0.870977037,1710351299
07/12/2019,1882665875,0.870977037,1639758745
08/12/2019,2034866436,0.870977037,1772321939
09/12/2019,2374345080,0.870977037,2068000043
10/12/2019,2389112147,0.870977037,2080861819
11/12/2019,2476830152,0.871130684,2157642745
12/12/2019,2542451603,0.871284332,2215198245
13/12/2019,2377578069,0.871437979,2071911827
14/12/2019,2372542801,0.871591626,2067888438
15/12/2019,2339197617,0.871745273,2039184466
16/12/2019,2466137492,0.871898921,2150222617
17/12/2019,2534656128,0.872052568,2210353385
18/12/2019,2496168249,0.872206215,2177173460
19/12/2019,2022784886,0.872359862,1764596345
20/12/2019,2039637410,0.87251351,1779611195
21/12/2019,1998212411,0.872667157,1743774343
22/12/2019,1984885021,0.872820804,1732448940
23/12/2019,2088598245,0.872974451,1823292907
24/12/2019,1966066480,0.873128099,1716627887
25/12/2019,1961989292,0.873281746,1713369434
26/12/2019,2063313008,0.873435393,1802170608
27/12/2019,2017030941,0.87358904,1762056124
28/12/2019,1879134285,0.873742688,1641879840
29/12/2019,1917482056,0.873896335,1675680541
30/12/2019,2063604277,0.874049982,1803693281
31/12/2019,2147422484,0.874203629,1877284529
