,c_leading_the_way_day_min,c_consumer_transformation_day_min,c_system_transformation_day_min,c_steady_progression_day_min,c_leading_the_way_day_max,c_consumer_transformation_day_max,c_system_transformation_day_max,c_steady_progression_day_max,combined_leading_the_way,combined_consumer_transformation,combined_system_transformation,combined_steady_progression
2050-01-01,734.1340977836303,928.8664674092915,817.6942162538926,863.7309077815045,1244.6895099608691,1587.2034882404273,1307.8881405557715,1296.3920182882935,967.7423223144554,1231.3098611801852,1045.1084792322392,1067.2803778351654
2050-01-02,797.9317944805576,1015.002849875983,888.8859120500332,935.5621646050402,1386.8596664922084,1772.9518982787342,1450.6166760211827,1428.0060657078611,1067.1365117139399,1362.8404106784888,1149.1788277270957,1166.9563926965905
2050-01-03,819.6238095088955,1044.5261712625152,913.6973568726896,961.0679424234983,1433.8159644549987,1834.7708448559604,1498.9624331255793,1473.6301468618103,1100.337093402648,1407.1288309900956,1184.8482669498333,1201.8723743791115
2050-01-04,831.9290607356809,1062.0493356626469,929.7623625138267,979.0945577438451,1455.9051699190095,1865.4407731328868,1525.7835611013047,1502.383536977868,1117.2157767304739,1430.8268585376152,1206.0168811417873,1225.0485459365568
2050-01-05,836.354934156599,1068.908122267739,936.9679429781655,988.1301014613914,1460.58830309806,1873.3174435085818,1534.9971922327,1514.7853745107413,1121.8843792149546,1438.3279962953388,1214.3008325861097,1235.8009941655118
2050-01-06,827.5531397185949,1057.8475897770695,929.2588102499473,981.9970238595912,1436.1460827822752,1843.0217722486993,1514.664552482377,1499.676424396111,1106.096089790421,1418.6681904717975,1200.9347800466394,1225.6261442071261
2050-01-07,825.8327353140073,1057.1401367075007,931.4848605379159,987.4716352260422,1422.8386703311667,1828.8507857498212,1509.5574012082993,1502.110376355868,1099.3431436280666,1412.1517313951238,1200.0747938515046,1229.9570409114608
2050-01-08,824.9566348572224,1055.6183382349413,929.6373408311192,984.9301009317209,1422.874066855085,1828.222368832796,1507.8613915555834,1499.0476089660078,1098.8327337167532,1410.9685584035117,1198.2372494890508,1227.1155542259464
2050-01-09,828.6958356109502,1060.5540754295198,933.5205546691923,988.6228688793478,1431.8678889449047,1839.7485782550796,1516.3145681120102,1506.3439639174308,1104.9424959209996,1418.884853291312,1204.2009940380958,1232.4677285107587
2050-01-10,823.1719336749244,1053.3708505803852,928.0618948268468,983.6645363777141,1417.9461294758116,1822.1066285906252,1503.7423642633635,1495.9662840302076,1095.6434934711597,1406.9910353581668,1195.5212994727008,1225.0316226395498
2050-01-11,823.4512137917949,1052.8742631052023,926.1312732164562,979.9704108972196,1423.6922488372602,1827.8749975952762,1505.047694383817,1493.3064760871766,1098.2812699439894,1409.172886033119,1194.9241534918274,1221.6718551140364
2050-01-12,823.7903601672527,1053.8254353392963,927.7757300573815,982.6155374415686,1421.5551045002676,1826.0646604707358,1505.4222052957493,1495.8331821110523,1097.5660003818862,1408.9653007765658,1196.071764265725,1224.3450438988723
2050-01-13,829.3677516487513,1060.2574372883714,931.1806886978027,983.8559236888899,1440.4253200850167,1848.5327712267754,1518.755484812316,1503.2712444282256,1109.0244034174743,1422.483148885831,1203.8464983910105,1228.2868023664669
2050-01-14,842.6934580183345,1078.07024597846,945.5917172750467,998.0388971769985,1471.1700949414349,1888.3454248075163,1548.7071578823075,1530.0995023116461,1130.2362933189174,1450.2853496864511,1225.3685906879257,1248.329334608161
2050-01-15,828.5852795328871,1060.09334394384,932.5978020573133,987.0693095152453,1433.448171762419,1841.1932658441183,1516.3098423271306,1504.962247421437,1105.555519762942,1419.2294938283296,1203.6453463063717,1230.9416616423864
2050-01-16,838.6911560921117,1072.3669311516926,940.3565948800853,992.1579167097392,1464.0082937275433,1878.3919821386846,1539.9865658530457,1520.7330518239305,1124.7562542997805,1442.584659820797,1218.4787927347384,1240.7743962764168
2050-01-17,850.1410768265022,1085.7251099593518,947.7414600401347,995.4100657670415,1501.8452008485979,1923.644737604525,1567.2388683227348,1536.5724899758188,1147.891606085508,1470.0529178923482,1234.6250149152197,1249.5348317195458
2050-01-18,853.2797440159347,1089.6611830021727,950.4698387194263,997.5601645095136,1510.6083413830083,1934.4936315985958,1574.4956336972689,1541.930447074148,1153.5419027107978,1477.0782791890788,1239.3815733565284,1253.1281591396978
2050-01-19,859.6999476546541,1098.1811325483409,957.2535615436232,1004.1084647023073,1525.785086624569,1954.0272198423015,1588.9744474343306,1554.626046670271,1163.918161951699,1490.587283681162,1249.6758939672493,1262.5146431146436
2050-01-20,863.1863142935971,1103.4603234773472,962.6122445807571,1010.6586867824159,1530.1992158849316,1960.9331263045522,1596.3285531411034,1563.9373191490936,1167.9074534046647,1496.7233996095267,1256.0523800323542,1270.4473800605338
2050-01-21,874.8957935800776,1119.2748566629389,975.6916415073441,1023.8655657743658,1556.2639495305193,1994.9972100577713,1622.5211704761975,1588.1123620075723,1186.1377499943283,1520.855439248203,1275.1595509839758,1288.7636932893838
2050-01-22,865.8059040314869,1107.10606689469,965.814953156276,1014.1078384890128,1535.3981356097606,1967.9424145460414,1602.1042807748413,1569.7448933467572,1171.7140882744302,1501.923952880554,1260.4568297685653,1275.0133768452865
2050-01-23,864.6821006236212,1105.304328267955,963.8308872705076,1011.5374506849791,1534.5619357445526,1966.2837145048086,1599.8116601444217,1566.3729649952047,1170.6803725146679,1500.1299145667524,1258.2808837836628,1272.021672886552
2050-01-24,846.4547646066634,1081.7895233029683,946.3009139287218,996.0381685901964,1487.5224176782958,1907.0048371205291,1558.1805826100117,1532.825238013127,1139.522689464721,1460.538332603189,1229.8666447738601,1248.3007501995432
2050-01-25,832.4705728064943,1064.1276272318482,933.8241894550564,985.8854338563328,1449.2111277549602,1859.3764742612568,1525.9456754451758,1508.4904860732768,1114.6629382529613,1429.4667512922772,1208.5235132911757,1231.7481484044386
2050-01-26,837.6218499730885,1070.3704081557237,937.7445779097598,988.417563533544,1464.8674177711337,1878.4140672550789,1538.0249051291935,1516.4795515655173,1124.4840434791627,1441.3963169058318,1216.0683777014115,1236.7017760073618
2050-01-27,840.7222884028944,1074.7212411704497,941.6272625139893,992.6644707425785,1470.8102104615386,1886.5064585876034,1544.8328689578623,1523.4860589438981,1128.8989552284677,1447.485515804014,1221.324538541679,1242.2618090031679
2050-01-28,834.9375358209728,1068.0915822637642,938.2021649582468,991.5682786450878,1450.9951670644023,1862.9677548833872,1530.9715648070423,1515.9250877592508,1116.9099681965386,1433.3888402024781,1213.3107275042616,1238.3537237725848
2050-01-29,851.6606830710542,1088.9902091050426,952.5514274738796,1002.6884500087348,1498.115290449969,1921.1868749957464,1569.693374450249,1544.2017823894785,1147.199847423365,1470.9552329941987,1238.5659868742173,1257.1813657856324
2050-01-30,855.4199222209262,1093.591936404394,955.5303177685403,1004.7471180073467,1509.2713114353496,1934.8193258505203,1578.4726273829838,1550.202119956568,1154.2511470563677,1479.5765941785987,1244.1273501102353,1260.9959934301
2050-01-31,859.1906294862864,1097.4323360816768,956.5282938445151,1003.2544799271176,1525.0086710597416,1952.8911112277337,1587.8826232705846,1553.3488658413075,1163.2788146285488,1489.649628882297,1248.77139312148,1261.453233346182
2050-02-01,853.9691833047913,1090.663069353975,951.421510720728,998.6623735885368,1511.7280901137806,1936.0980181120258,1575.9827146226494,1543.615883351395,1154.4369124743562,1478.369087809572,1240.5918263892775,1254.5140003089273
2050-02-02,851.4712393111926,1087.5623540712459,949.3318518633148,997.0973442030921,1504.5670346541597,1927.2831361390804,1570.1825236984798,1539.4696741974785,1149.8597510656336,1472.7193175656018,1236.8446471515424,1251.7926145595156
2050-02-03,850.5208370909853,1086.6007322396022,949.0966011230687,997.5026802506137,1500.5632329818159,1922.692169391323,1567.8058022350083,1538.7000468213214,1147.5683380679093,1470.1687548069515,1235.6817687285939,1251.7049428552464
2050-02-04,848.3166181774419,1084.301189207207,948.3731276590804,998.124774297119,1491.6838651578132,1912.4376521206775,1562.3475772268903,1536.6583964241686,1142.4287091883693,1464.3807673640988,1232.9012571967478,1251.200483254986
2050-02-05,859.0023267327653,1097.7223406604255,957.7149803089901,1005.5395905827176,1521.3972230839736,1949.2560170661015,1587.0374221230163,1554.9762277280215,1161.6133023454263,1488.2609172983327,1249.120013005699,1263.5238042556884
2050-02-06,859.2029708671668,1097.5311573774798,956.7529282727055,1003.645341011464,1524.5543358953505,1952.4610534963253,1587.8462371674987,1553.6786352229929,1163.0909032684194,1489.52403886125,1248.8905230082307,1261.8295006936346
2050-02-07,844.415922974971,1078.2760614849485,942.073356981901,990.2521935002318,1487.4403802148772,1905.383395098988,1554.2118297307943,1525.8014691144444,1138.2641953768034,1457.7333430571987,1225.6241319790247,1241.8099149368918
2050-02-08,837.9049817200738,1069.9737031785228,936.0612593364476,985.1622021009784,1470.0668353535716,1883.6566284835483,1539.265100724625,1514.1783853031393,1126.8891072639103,1443.4120519224532,1215.591603143978,1233.759427781164
2050-02-09,845.26220759048,1079.5986549519118,943.4796570062322,992.0308560311155,1488.2707333233757,1906.8265359575544,1555.9649465027574,1528.2139909387656,1139.1288970311143,1459.1472451844356,1227.2215114449739,1243.9141715320425
2050-02-10,848.0637857439724,1083.2744735055403,946.3320084251502,994.6955154529213,1495.1398526759767,1915.5887408705146,1562.3157864772875,1533.5983049584088,1143.7627258583443,1465.1194097924104,1231.6629973684705,1247.8275462766828
2050-02-11,853.8393735247216,1091.502142230961,953.8799811236295,1003.1702603822725,1505.4900197127176,1929.9669318281506,1574.9022009601913,1547.1051086460157,1151.6773259326437,1476.236785444102,1241.6023085089973,1258.7185544800086
2050-02-12,854.988740656284,1092.9870504749617,954.9908345744317,1004.1573649892646,1508.4437292468979,1933.69283303271,1577.525688389171,1549.2284185989201,1153.6366824994502,1478.7294139462576,1243.396598022943,1260.2235764128714
2050-02-13,840.470152710214,1074.19818196504,940.8771572260066,991.5425911129196,1471.319462099556,1886.8082552623353,1544.411053432514,1522.2894261553593,1128.9666074386564,1447.3014407742721,1220.6931684264569,1241.0742996806757
2050-02-14,825.1441671563501,1053.8968629036017,924.7785480892474,976.0809243317624,1434.8728757483968,1839.9683846443218,1509.8190831520953,1492.1204510675389,1104.1034553456816,1414.9852746383792,1196.1637591565534,1218.828448073757
2050-02-15,798.7464540216743,1020.1345205746609,900.1426297377515,954.9781989955834,1365.0299491442124,1752.456328187158,1449.2987534287106,1444.6200317564608,1058.2408234890263,1357.1083046193814,1155.365859955394,1185.7475033727262
2050-02-16,797.1186173223682,1017.391686648442,896.9273391569625,950.6447192242391,1364.5987370365233,1750.8080643113483,1446.0814785081084,1439.2431360098449,1057.0788086890238,1354.7541316886143,1152.0537235831166,1180.8360895422593
2050-02-17,784.9180754800565,1001.9873766519256,886.0544482564981,941.8092118756258,1331.1454936033297,1709.2270543785717,1417.9542752543848,1418.0302011391973,1035.3776213925285,1327.6367328278297,1133.4387057210351,1166.4158223524973
2050-02-18,789.821655625743,1009.0761680562722,892.7280655755964,949.4786211481797,1339.3268595725208,1720.8482215499198,1428.5598697585003,1429.880524315392,1041.8366969665958,1336.8855993126751,1142.001895645154,1176.1115499388943
2050-02-19,789.5807589376466,1008.6626783063783,892.232770033965,948.8025058985281,1339.3075555917317,1720.647347320408,1428.089670410648,1429.056709905476,1041.6838695453835,1336.5511668171796,1141.5026017082248,1175.3517543159746
2050-02-20,782.7894658611903,999.7057863022537,885.1994217768865,942.1304200296582,1322.9280231496514,1699.6698529838307,1412.7307365198474,1415.8329167146553,1030.567900536981,1322.1592878387614,1130.6801575231225,1165.6639367158841
2050-02-21,782.6199887145136,999.0821663717259,883.9970341232261,940.1281511369723,1324.8657470294675,1701.4156598906982,1412.659105827614,1414.02097548882,1031.2992355737383,1322.5356507860945,1129.9279775179996,1163.6837105570016
2050-02-22,796.9048841815969,1016.9851167381895,896.3859881995551,949.8626641525225,1364.814470497423,1750.8550427281682,1445.6952268274624,1438.3651495051822,1057.0433194121292,1354.5304010625107,1151.5628867174878,1179.9894458634076
2050-02-23,805.996083281601,1028.614012612324,904.87394475409,957.136575595116,1388.8598998208608,1780.985868018445,1466.5369663895979,1454.7290447028477,1072.8346626733778,1374.460336895859,1165.615062336576,1191.388245017347
2050-02-24,798.7592044288473,1018.9899822597561,897.1751803030289,949.6621197558019,1371.8717231203204,1759.0827232229292,1450.232210373239,1440.3432894338694,1061.189707117789,1359.2702694394027,1153.9867912324903,1180.7195163376505
2050-02-25,795.2274551834819,1015.4358264681936,896.3504736332288,951.2568619276977,1356.8802580531074,1741.9130390793673,1441.3851541868128,1437.5547444260742,1052.6260603758546,1349.7567774986628,1149.6887073089079,1180.4775231710241
2050-02-26,801.2313730901385,1022.9812275744328,901.6109675628534,955.4437926559971,1373.5485326382804,1762.574238147604,1455.2539631192517,1447.8636788113477,1063.39376286377,1363.1658428510607,1158.8069119763861,1187.421264346552
2050-02-27,814.503700312478,1039.0098887371075,911.5683272059862,961.7111940273224,1414.2152151177647,1811.9420983069406,1486.4198154082687,1468.2404094537355,1088.8389905044646,1394.0053444174434,1178.1789415679107,1199.9412877980974
2050-02-28,827.7242658721185,1055.267272268671,922.2343140997758,969.2904107302367,1453.0152943232506,1859.4655963688676,1517.237269413849,1489.6163789066945,1113.4507225980942,1424.1891914257872,1197.8263461666693,1213.6779163229146
2050-03-01,829.2013336650776,1056.7744020453508,922.6323316141966,968.7183846195568,1459.1637612097334,1866.5290411863161,1520.921217445519,1490.8592575702237,1116.9800922689642,1428.1299401597696,1199.648846556275,1213.8690280200665
2050-03-02,827.8997775253991,1055.3888304387792,922.1339670076818,968.958497316247,1454.0832535921268,1860.6311813175819,1517.7198209823073,1489.5509927841026,1114.0151315563016,1424.7631990061707,1197.9735875256456,1213.4506719485044
2050-03-03,820.795942814202,1047.3957742786445,918.3085899089608,968.2929976609805,1428.8798251857252,1830.8836103058213,1500.5822069993308,1480.8153778188534,1098.9183144141189,1407.1793859484042,1188.3111599635422,1209.2960139745016
2050-03-04,807.0435823631218,1030.9457618192305,908.3975620565775,962.5255746076043,1385.8134976536112,1778.831949352524,1468.1657864469403,1460.28826350509,1072.1534935522204,1374.9333413732718,1168.4293165527583,1197.011309365779
2050-03-05,802.6993874781001,1025.1632601232868,903.7624142167521,958.0142922798887,1375.6470199769878,1765.7140577682542,1458.3824293448815,1451.6329439662654,1065.176641126273,1365.824766538539,1161.4426045506698,1190.5838478853234
2050-03-06,784.6772242912908,1001.7598608862168,886.0363541105783,941.9861644570587,1330.0359655127659,1707.9718474334736,1417.3393636805317,1417.8950866428818,1034.7561410565531,1326.9606268472724,1133.163503465131,1166.4639022710635
2050-03-07,774.3833640909133,987.6445909083027,873.9924530524702,929.4002977068368,1308.3693879047619,1679.2319871058905,1394.4789369685107,1395.8550977622504,1019.2659000888051,1306.1369287277655,1116.1100772374743,1149.4380182876882
2050-03-08,776.9806639485254,990.5571682005395,875.3658325770948,929.5984724718147,1317.6419546353454,1690.1640827140448,1400.7524453850342,1399.012564548429,1024.8103960842236,1312.5839996901236,1119.6309924631178,1150.9142898552643
2050-03-09,775.3245491012048,988.8136031853751,874.7816321465191,929.9932459021192,1311.063377932121,1682.5492497749344,1396.66380016447,1397.419962535023,1020.988703656904,1308.2643607421453,1117.5228127963571,1150.4664895734004
2050-03-10,770.3097253694507,982.4391673327086,870.2027765333598,926.1653763342492,1297.56375965486,1665.7006047769362,1385.1359009122357,1388.5423762543433,1012.1766043256571,1297.1968216482717,1109.8199067118423,1144.3534984981195
2050-03-11,768.8794204741811,982.2872121096943,873.172998421092,932.7182688845529,1283.9420594206535,1651.4450875805303,1380.550156155225,1392.181578957524,1005.4625964716626,1290.9773007631452,1109.6305441625823,1149.8494519333947
2050-03-12,773.5267965006518,987.9496397606357,876.7877078774814,935.1418177937776,1297.8890262756872,1668.4484445097512,1391.4241711571149,1399.5014500195066,1014.2465535110981,1301.6841719131867,1116.473898999759,1154.4502529356055
2050-03-13,770.0294607946546,982.5382189076702,871.115422098591,928.0404907412297,1294.1390889646927,1662.1765884349918,1384.1369881254345,1389.732633461037,1010.5362128128737,1295.7412972196921,1109.9380329473065,1145.9901789535302
2050-03-14,760.9028343744346,970.0314943458995,860.4577191450217,916.9184444208156,1274.8824107391592,1636.6502184889196,1363.8625047245419,1370.2214075911174,996.7822672886383,1277.2641230992044,1094.8279524862146,1130.929629715307
2050-03-15,751.5136323956859,957.648435737078,850.7342784963291,907.694785625865,1252.2361904817822,1607.647184796652,1342.6281126454546,1351.9396408975022,981.4136445627997,1257.3665488032539,1079.8657350857536,1117.536576580536
2050-03-16,759.8830532655869,968.1252300820917,857.961004883853,913.3411840797025,1275.7147078272355,1636.6838178217322,1361.9934202654956,1366.1567213850244,996.5282368404572,1276.1348818453112,1092.5265125831554,1127.0360288129455
2050-03-17,783.2390296805655,997.4870727252046,878.4488593847082,929.6715638290467,1340.5017516485368,1717.005622540623,1415.9375364964544,1406.2942144041717,1038.3924524877716,1328.2806787797251,1128.0086615361076,1154.0884755009192
2050-03-18,786.0588128480314,1001.8112503726902,882.9224764363425,935.2187886808059,1343.7531457702435,1722.2828571613852,1421.8432202995061,1414.0265177591577,1041.4819672147628,1333.1436680269067,1133.2314748818117,1160.740664112536
2050-03-19,772.9757542134964,985.5398672968806,871.8975137923853,926.8783264526292,1306.4304115929053,1676.2921199544514,1391.4889154960965,1392.1947191661084,1017.5878349609638,1303.610345693718,1113.567803424181,1146.3513595272782
2050-03-20,760.0028617201069,968.9791100967741,859.871049362018,916.6517146493435,1271.9225991456528,1633.107048473431,1361.722338431436,1368.9674481513198,994.9699145999027,1275.1095473345183,1093.5559296468705,1130.2305331308694
2050-03-21,751.1276446849542,956.8051657007545,849.476800660734,905.7821783436448,1253.2652333890942,1608.3504364335306,1342.0154970453502,1349.9502096745641,981.6244455662298,1257.1629424280334,1078.847937213275,1115.5338421576894
2050-03-22,751.5288318533969,957.3616997704412,849.9626531640303,906.3021193274094,1254.072041653597,1609.4341519450288,1342.901450936016,1350.8329386886999,982.2119840627437,1257.9627237163527,1079.5202958477853,1116.225266218688
2050-03-23,748.3276267931176,953.9118080738414,848.6289951666104,906.6997504378379,1241.8230294749446,1595.166733774645,1335.060301452928,1347.4594879724505,975.0256136999232,1249.7594513858935,1075.3492933746656,1115.0136052280545
2050-03-24,742.4092511489731,946.5002066354448,843.5109377282546,902.6931213829988,1225.2380287094857,1574.6507706211812,1321.3686097719765,1337.394826384837,964.3450321563402,1236.493096668003,1066.3926866823185,1108.2830494135083
2050-03-25,736.3492546260608,939.7752671185522,840.487930864025,902.554946362789,1203.1889617956294,1548.7433353165025,1306.6762774944507,1330.2895707662324,951.2305172299228,1221.3209541386957,1058.262861070617,1105.145646796857
2050-03-26,738.0305808499972,941.7141859481187,841.5142840531552,902.9287140707589,1208.877654909473,1555.516621469088,1310.6956718736733,1332.5316810895638,954.6847803819726,1225.396022418574,1060.606544937035,1106.3337616350047
2050-03-27,736.7290144979472,939.7862053291936,839.6238330425604,900.680160667953,1206.9781219167612,1552.6951076774749,1307.9167438366862,1329.214404311621,953.0872937237872,1223.0263577309604,1058.2777039111847,1103.5586403175193
2050-03-28,724.3910294207674,923.594971210275,827.0541715886789,888.9307236461119,1176.745374613647,1514.1247163398218,1279.9504692859905,1305.4905507291273,932.6881159801015,1196.7310798411995,1038.713871043406,1086.3106996456327
2050-03-29,717.8238658697469,913.9850833724065,817.8183400377038,878.1264228857376,1166.4696565913177,1499.219807814309,1265.8373136999987,1289.1896494870143,924.3306059721425,1184.5579933411652,1027.105573366643,1072.820883102679
2050-03-30,711.5452424065659,905.9775488157634,812.017132208752,873.211561091714,1149.724311359114,1478.2762960200064,1251.4250022817605,1277.97605377176,913.3649585277831,1170.7503012632276,1017.4293129515205,1065.0515032414723
2050-03-31,715.9479906599496,911.6316647723743,816.1852142494787,876.8369727997284,1161.237859241236,1492.7412408313535,1261.5009389728045,1285.9838207238145,920.9560373961018,1180.360938952368,1024.2615814535093,1070.6690977330127
2050-04-01,720.6869332702296,917.3714216839207,819.7832741002561,879.1511852108222,1175.6604101583334,1510.2737975793063,1272.615871369845,1293.3211038588518,929.9993813481249,1191.341704230608,1031.198515978515,1075.2117863694702
2050-04-02,717.2849652715535,912.499904645533,815.2726213824518,874.0436700436354,1169.7117544553162,1501.9476704992162,1265.221791126954,1285.2718734037078,925.4010429607962,1184.839633435636,1025.3136307622133,1068.6871618035157
2050-04-03,715.2558700869065,910.3142643979849,814.4300643827772,874.3006920760326,1161.941306456527,1492.8980581480228,1260.250804905328,1283.1376215823807,920.8431989749316,1179.63796403405,1022.6711344467461,1067.9238642614405
2050-04-04,714.9817914605879,909.7276529753315,813.568400864362,872.9984448645378,1162.6006258259918,1493.3283900885988,1259.8063247191885,1281.7700614172113,920.9621994032217,1179.4710165832994,1021.9630902859691,1066.5546607521505
2050-04-05,694.2821989726776,882.3117296119726,791.8341602203318,852.1314614077403,1113.3548379248473,1430.0458847582997,1213.083002525423,1241.0360263175173,887.3727963983163,1135.8177798607182,988.8373296076458,1036.5239764371295
2050-04-06,682.8773044110296,867.776162056336,781.3217083587207,843.2489031874707,1082.8798559755633,1391.946980154126,1186.8958966698856,1220.7033486896962,867.4293020580228,1110.7185274192627,971.2725965130865,1022.4538973605028
2050-04-07,677.8004996079878,862.155149206413,778.8221497517424,843.1921174157222,1064.3327176219082,1370.1699456037693,1174.5772803590337,1214.7984758942866,856.410120602831,1097.9843307799156,964.4772647288042,1019.8813618917047
2050-04-08,672.4852001881451,856.0479514141929,775.6350778303416,842.1134954640205,1046.2169855036996,1348.6297402199275,1161.8529897530984,1207.7934742440254,845.4333102504437,1085.0602531465247,957.0950546201698,1016.2228257398885
2050-04-09,672.9423068069336,856.365241251292,775.3755304731416,841.2522684857311,1048.994292677267,1351.6614411766257,1163.1092122727334,1207.6257772678389,846.9015028608524,1086.553923277858,957.4793780115109,1015.6340307776911
2050-04-10,675.4939908421064,858.2521259789368,774.2236020239425,836.9755140134421,1063.819411405943,1367.9289657634706,1170.0316445653802,1207.1181691325978,854.8056368932845,1094.6792840860685,959.7641735146962,1012.8499248388434
2050-04-11,680.2667044069938,864.0208004156492,777.8165414319913,839.2512254454969,1078.4150328301248,1385.6544438808162,1181.2351208381876,1214.4633463102846,863.9436440005696,1105.7603344040454,966.7361004035541,1017.3729079630116
2050-04-12,690.7163803754363,876.9310267043476,786.4016001265187,845.5182109460332,1108.7298730057232,1422.8759824695614,1205.5466598268943,1231.582179750199,883.2451999496678,1129.5072705629068,982.3381776536951,1028.49213321366
2050-04-13,686.5568655186447,871.5433914653538,782.3460205212905,841.8825530695726,1098.121506140009,1409.470420224383,1196.0631183055937,1223.846851942454,876.1891831802265,1120.5119327103866,975.8280731027154,1022.9855112202054
2050-04-14,667.646178536555,847.9666920521775,766.2625916949994,829.5631353447792,1044.5112242332943,1343.320027628115,1152.232789922779,1192.0774610296212,841.7967873918004,1077.929197017081,947.3362617249375,1001.93688014006
2050-04-15,666.42437151228,847.6650096600363,768.3587092039755,834.3721801030133,1033.8831977272034,1332.1174234860036,1148.4493985783267,1194.5495483740488,836.4948310086071,1072.9322729277596,946.9673965836056,1005.8848565793036
2050-04-16,662.3429757529514,841.8503971699337,763.0237531291259,828.3814566023647,1026.5715849672958,1321.9592729201884,1139.5553698138908,1185.003226239975,830.9029357220102,1065.0768061504841,939.9431429367133,998.1867509958978
2050-04-17,654.1425301386221,830.607208711916,753.4330771752757,818.3621142583264,1009.3022976034797,1299.05545759302,1121.3427744774601,1167.4510544832542,818.55902946038,1048.4851242661143,926.3596299083151,984.6299663640044
2050-04-18,637.8235028445378,809.5701828441812,737.7792087309789,804.558478583058,967.0943302462618,1245.8925959656763,1084.057872869024,1137.4744930772576,790.623310436779,1013.0093498158843,900.9393744218071,963.461587160965
2050-04-19,631.1012712090109,800.8775672693052,731.261888270292,798.7488967225829,949.865635686813,1224.146103534631,1068.7202196319904,1125.0266670702526,779.1837264029525,998.445439300819,890.4356755209036,954.6248220751118
2050-04-20,625.460682196689,794.6948838643447,728.6452839570193,798.9727940992108,928.8919896502665,1199.5959429843308,1054.9848874715178,1118.697727202481,766.7831562839579,984.1821131621374,882.9610839299003,952.0383820612658
2050-04-21,612.4196246230584,777.3064322965479,714.6546554181084,785.2940222586019,898.546724188577,1160.3849567024906,1025.6388444067675,1092.6049981540227,745.9137912092103,956.8931631818805,861.9515718963955,932.6145504889055
2050-04-22,613.0981933572349,778.6451930443283,716.4964647576903,787.997003311035,897.5804978640145,1159.9637528645637,1026.8277696679258,1095.570127889133,745.9055320272498,957.515295468437,863.5676979950935,935.5109252431945
2050-04-23,622.7705121347235,791.6966822622237,727.2703271238297,798.8525038746899,919.1792595711007,1188.167917290307,1048.4726355160556,1115.4959539602094,760.99371838667,977.470473800924,879.3365880941176,950.5897911727797
2050-04-24,637.6067794992728,809.7616269755858,738.7797051854179,806.5354292611916,963.7725366938799,1242.5161333626543,1083.1959719663296,1138.8202901912668,789.0652674312333,1011.6726897618032,901.1691083313369,965.2262310587548
2050-04-25,643.9097202077186,816.4293793359914,741.0851897891263,805.1797491811355,988.6220722949259,1271.3156849976288,1098.7318648548019,1144.9999932677997,803.5294427118114,1028.0538240826718,909.231089316592,967.0694889732126
2050-04-26,654.7825617422864,830.4405798890812,751.5017905578833,814.3533063578545,1016.7737383869463,1306.765261761436,1123.5775579795677,1164.9535516400897,822.1549473703991,1051.6995477433309,926.1616508771147,981.151175366078
2050-04-27,672.9919683759229,854.0912772455748,769.4226577066073,830.5669817957122,1062.8343612271883,1365.0838782353042,1165.043816333102,1199.0572877623717,852.8810528247706,1090.9598500422157,954.7395564791912,1005.5397313292908
2050-04-28,664.493373702932,843.4732691225906,762.1369699921015,824.927428616904,1038.8733355838008,1335.482904211671,1145.363667465105,1184.6966564650422,837.4815340627889,1071.8641876504025,941.9080562559768,995.9826744451103
2050-04-29,661.1240640082237,839.4527399987278,759.733681213786,823.5589315967366,1028.2652460857012,1322.6752915231104,1137.4141313349735,1179.7034754646525,830.8997292974827,1063.9461155939046,937.0487216610683,993.0150929151038
2050-04-30,660.6957668110465,839.148101233078,759.9580158905227,824.3321723717146,1025.7060644641342,1319.8763324245838,1136.2428053097296,1179.833393049895,829.5425919820468,1062.560089822081,936.679768460622,993.5348584196054
2050-05-01,649.3095589736747,823.9858874169925,747.7933552103137,812.4796716778759,999.0957974264678,1285.5291679300608,1110.6052753948547,1157.1247660748454,811.2717246168226,1038.6977222073588,918.36003259573,976.6615227775609
2050-05-02,645.5620480452626,818.3845471969921,742.2213726495954,805.7750623547785,993.921231409004,1277.6903154651498,1102.643229919971,1147.3874819310881,806.798849826922,1031.96726168667,911.5942256746648,968.4530197841419
2050-05-03,642.9208270240397,814.7507951424421,739.1002587411326,802.490577519336,988.4324995172041,1270.384385763446,1096.7870189784521,1141.687872484265,802.854648662815,1026.6463785498995,907.2041303592176,964.0322301415126
2050-05-04,627.447044091636,794.9310370085507,724.5848122684226,789.9876146590562,947.66203630338,1219.2510602966609,1061.3338548929128,1113.7367704646417,776.0440174391155,992.773402334077,883.2543363358743,944.5149364415523
2050-05-05,626.6924606656844,794.559049563206,725.4028396578346,792.1057610626939,942.1871073405292,1213.3854609059604,1059.1418713393782,1114.5758163938956,773.2376602033685,990.0286413397436,882.8028019800939,946.1464433357238
2050-05-06,630.0182158371549,798.7079263450094,728.2378596627522,794.2839260002349,951.6005387595349,1225.0047642870509,1066.8481870188316,1120.1723444461063,779.279758233726,997.5128706670067,887.8165998585583,949.8591694879675
2050-05-07,626.7301479811795,795.6978166089541,728.2369834373001,797.1396952958088,935.8909567223126,1207.3248931081143,1058.3787937100624,1118.6830034803488,770.5535971843033,988.1064594077336,884.1751373797149,950.9322635100013
2050-05-08,641.793371864786,815.5674651062925,743.8450028539448,811.9526602680941,972.2030070938849,1253.8359095804703,1092.4428149271203,1148.0250600195504,795.2012662236028,1020.0222675287546,908.1832498000663,972.4334320572956
2050-05-09,636.168798484822,807.3464655841289,735.9593682626268,802.7430352249374,963.3460249307699,1241.0160149018825,1080.3478745436782,1134.0992996187806,788.0191794020117,1009.57879451911,898.2526359849885,960.9214172434993
2050-05-10,624.9218483245966,793.1798864268684,726.0228778499887,794.7528867947518,932.3096430219535,1202.493637704404,1054.392811225989,1114.6693088365273,767.9291034699932,984.5188728557105,881.1332112208283,947.7748089557996
2050-05-11,618.6161640158306,785.529394602697,721.201605954584,791.6134020255809,913.1957630078862,1179.2390233704505,1039.6133862928161,1104.8576733569175,755.9290029490816,969.9318648496359,871.8870550530361,941.6732806962955
2050-05-12,618.8969286378193,786.2245736186435,722.3262043058933,793.3798956514427,911.9675656454541,1178.2635806123862,1039.9952887209097,1106.6077171745933,755.569456933942,969.9296091146906,872.7259482521206,943.485441454363
2050-05-13,615.77085892069,782.8411931731043,720.9867338958584,793.7018430135145,900.0908592728738,1164.4130528108283,1032.3494427128041,1103.2598821012357,748.5882167234076,961.9454594241538,868.6354182407708,942.2393851171026
2050-05-14,619.5830820800002,787.7086008584731,724.5230260494877,796.7109519950769,910.2263514418094,1177.0986146842656,1041.0960058848054,1110.0886202203776,755.2325860663527,970.319157263564,874.5171480822876,946.9803648471128
2050-05-15,615.1592311116791,782.104824491702,720.5337188820627,793.42347982584,898.2034529144518,1162.1251102453184,1030.9114534644445,1102.3293040951967,747.409879868842,960.5200949391261,867.7454444506176,941.6723284923189
2050-05-16,607.3566472815645,771.2196313584667,710.9271516123843,783.0299856265051,882.8716067478857,1141.3959421592667,1013.7285242276869,1084.9342583524308,736.1375687020914,945.0780631307023,854.5950439629421,927.9586145543739
2050-05-17,614.3406736031882,779.5267398246463,715.8400204201396,785.7437407705933,905.0175457335044,1168.09596466438,1030.227475497551,1095.1850794211105,749.8481107092239,961.5401743512133,864.6353678853533,933.9935243918684
2050-05-18,615.5564983689774,780.9599964274912,716.6621791166222,786.1569852516793,908.9485035126828,1172.8172389012102,1033.109767769561,1096.921832473934,752.2674519330515,964.4297182062039,866.3677101370475,934.9880739940133
2050-05-19,613.65606515472,778.6496657380118,715.1973340534789,785.1897166498574,903.2148248148156,1165.834722475903,1028.6590618589823,1093.9477460171338,748.6623939888447,960.0418703413686,863.5755299718002,933.1292096495584
2050-05-20,612.9715205330735,778.6611819848094,716.8350937696976,788.7124595075338,896.2014159570233,1158.5342178052838,1026.398702964079,1096.001496547207,745.2366749050782,956.9103404489415,863.5864094351325,936.1256140627778
2050-05-21,604.7252408026785,768.1471933763502,709.2236112163212,782.2712109880628,874.19050890314,1131.0100653325833,1007.4673643371656,1081.2848800774577,730.8268786477444,938.7698977714163,850.881353438044,925.9345350500919
2050-05-22,599.8227130555338,761.7122233877195,704.2255754518059,777.5963750097596,862.1853402501647,1115.6916546209377,996.355945883367,1071.8531702207213,722.7246067137223,928.3238782285447,843.105997723397,919.0751825386366
2050-05-23,593.6163306657907,753.2497274782097,697.0869783055055,770.227844280253,848.841225560804,1098.0921488448917,982.5356129073141,1058.742197983593,713.264467900221,915.6807931133288,832.8818427125092,909.0180257447836
2050-05-24,591.0325069026687,749.6772205021465,693.9882083215794,766.9334260537994,843.5757010781839,1091.045498477323,976.8204689330436,1053.100810657983,709.4506582928066,910.5081171623438,828.5657966604924,904.61630575786
2050-05-25,582.0161394969182,736.5693649122736,681.5286511467066,752.4943351933497,828.9632546158388,1070.0940093525996,957.3768574577501,1031.0391155040274,697.7593887977396,893.6369988356322,812.7318592352137,886.4692270585468
2050-05-26,579.3477281382711,733.702743179075,680.4402805404756,752.8674754909257,818.6996241874834,1058.1496596345069,950.833675050442,1028.2607801622648,691.7461768310843,886.7823380249552,809.2660073362307,885.4987087265549
2050-05-27,581.6279517725903,736.7023590451745,682.781955596635,755.0722411671086,824.2444563707721,1065.2367997381411,955.9965587664653,1032.6721563205629,695.4979105680635,891.6287075727599,812.8904124201366,888.7179052549233
2050-05-28,586.2836793236376,743.097172788671,688.2567375491033,760.8138404562553,833.9809225733358,1078.1744542634951,966.327558933482,1042.680194528911,702.4768115160074,901.027163400198,820.6163008318458,896.4650345937517
2050-05-29,596.7189804053398,756.3107522570122,697.6541330270705,768.5455567945671,862.3708229116365,1113.5234907987958,990.3555278019353,1060.9648566060932,720.9422240416145,924.1511234397957,836.5838440313021,908.9642242284741
2050-05-30,585.1672712992961,740.7254836655247,684.7925011530242,755.5908804579375,836.5623628533036,1079.8265833100081,964.5032159407104,1037.1754860170652,702.9167538429172,900.314480431408,817.7536188493596,890.9650208977341
2050-05-31,581.8005230684246,735.8705769125684,680.2417373593441,750.3810514776203,830.8736568746871,1071.7784952258085,957.2120311079623,1029.0843081104579,698.4512966503228,893.9419023155368,811.8889025908616,884.3609790362002
2050-06-01,587.8570853100225,744.9113644817967,689.2165118434332,761.1623659034672,839.3060713790053,1084.5145261287134,970.0891705537782,1044.777379349077,705.7100413481916,904.841164197723,822.8092207953181,897.5757025186394
2050-06-02,584.1424403220988,740.3929308090874,686.3466321454553,759.2598270544192,828.1140400077104,1070.880978591658,961.3917022663497,1038.9545437440688,698.6700158713061,896.2693045355848,817.3484184169788,893.931053303261
2050-06-03,584.561027224931,741.5654287636692,688.3724987685121,762.5177774697636,825.4849410159311,1068.6549527911952,961.8550853145523,1042.067638484969,697.7909194885851,896.0158043734747,818.7630659699145,897.2239975610812
2050-06-04,588.4225257565322,746.3792764492058,691.6555646466646,765.0313658085597,836.4345301575017,1082.1651063830802,970.8054293373091,1048.553230341645,704.814827126259,904.7118548541939,824.5804738207302,901.5201675923557
2050-06-05,593.5929091586563,752.9311579234816,696.3243833902028,768.8848836060603,850.4718965234873,1099.6514726310818,982.7067276236111,1057.6310494991294,713.951430674075,916.1600067033141,832.4978761322743,907.7346254247477
2050-06-06,592.0702897302112,750.131059538065,692.7149344350739,763.7553210244887,851.4441327052734,1099.4400806282788,979.880105557059,1051.7329370713428,713.4558754362514,914.3891791133772,829.117198971299,902.1215248239242
2050-06-07,590.1637027974474,747.6437751081005,690.8103887845234,762.0073339723062,846.6857986218487,1093.3961757320471,975.5469964483065,1048.1215060854947,710.2664197662543,910.2986687525458,826.1117694270931,899.5202691331782
2050-06-08,593.2819036601154,751.6790374148826,693.8414215479525,764.7162818437642,854.6595559765913,1103.4661690480436,982.6591883215727,1053.9069798939008,715.5650867162309,917.0486954943367,830.9877574992511,903.6326712164466
2050-06-09,588.5844750056336,746.0798235258897,690.5065410713031,762.8364874727795,839.833988933654,1085.5752507799778,971.5713164995689,1046.9682953670795,706.3733955482013,905.9981933618357,824.2203536608906,899.5219716631958
2050-06-10,594.5057917056635,754.6825449507212,698.674737316576,772.2933861551335,849.4632437301758,1099.366463821836,984.344874501901,1061.436134970841,714.0655119244279,917.0882482709393,834.6122268972379,911.4153774721515
2050-06-11,595.7773170556939,756.1114003621328,699.3547426491843,772.4040948788586,853.9851904220864,1104.7014194282897,987.4137878319802,1062.9929459093767,716.7723336281321,920.238969186144,836.3395097590957,912.1510612948044
2050-06-12,596.6634230771572,757.074792549347,699.7455883323308,772.3327941076277,857.3262151773918,1108.6027764794046,989.5776675038726,1063.9580236815495,718.7402479137979,922.494135392979,837.5042398815463,912.5231641896906
2050-06-13,593.1434948253643,752.1009064485366,695.2493264859188,767.3535135681082,850.7810182390999,1099.6105074606794,981.8753685332522,1055.8761764847777,713.8146887279361,915.6442770283788,831.4954874209899,906.0614537542635
2050-06-14,586.8928430424793,743.9742600145405,689.0767001853699,761.7503483064315,835.0180513567697,1079.6382207560614,967.6478333049415,1044.1392225383834,703.2881412440289,902.1826457084427,821.6758242548808,897.6541299528658
2050-06-15,583.5425639698533,739.6466946487506,685.8406841902099,758.8766220131113,826.4037421858028,1068.7732079002633,960.0000483432854,1037.9528932247779,697.5748672409406,894.9154746519638,816.4466061469824,893.2705419821052
2050-06-16,579.3422308200034,734.40558218567,682.2570546093998,756.1201546274601,814.5218889289494,1054.1051702443353,950.26812826016,1030.8801930753748,689.946897593971,885.4653149207397,810.1128771762314,888.5762598312928
2050-06-17,584.2590665190087,741.9982818554425,690.1928275893214,766.0344386589376,819.8824729713446,1063.0083557361213,960.5248063653733,1044.558011448869,695.2012902942688,893.8480644793888,819.2833151723185,900.4044543345867
2050-06-18,584.9555190609137,742.8048458065552,690.6267220296861,766.2049066028196,822.2188947253513,1065.7947040042031,962.1870967609128,1045.499384368659,696.6235475137466,895.5298047828287,820.2582429481557,900.9114186174033
2050-06-19,584.2457919114345,741.7119037877036,689.4890150298718,764.7877473099425,821.4273073524827,1064.4923407985266,960.7042179520082,1043.5362876447193,695.8574402335062,894.3142041014189,818.9381825195442,899.2172549994749
2050-06-20,578.7661847682724,734.1407890576645,682.9307612747755,757.8251452692189,810.2298603272905,1049.5186050748125,948.5798360478689,1031.5917611168675,687.756177056504,883.3347148465317,809.7912895381932,889.905087217122
2050-06-21,577.0009221539489,731.5166683303719,680.3430071320689,754.7329546907818,807.7080086676946,1045.7445180740358,944.8181131019558,1027.0583079783578,685.6129597159842,880.1378878239491,806.6215962967497,886.1009897155983
2050-06-22,577.0152430470789,731.7095559247485,680.8044153046827,755.5453831612235,806.7220862995257,1044.8018540309236,944.7149657419105,1027.730676294938,685.1977101259276,879.8483678713937,806.8540811140913,886.8774623539014
2050-06-23,575.8644780601364,730.3221413981014,679.9470666409275,755.0126914687091,803.1824195642309,1040.5082102088652,942.0109395420013,1025.9725824052289,682.9856157320847,877.1701630202754,805.1772616509737,885.8020747236553
2050-06-24,578.913763035147,735.0375669356245,684.8856648062078,761.1917397180005,806.4679395584755,1045.9920348086653,948.3666712319966,1034.4797945484074,686.227493223643,882.3566976641106,810.8725184592053,893.1664613401994
2050-06-25,579.7101037703624,736.3741680088278,686.4452491276841,763.2878345282502,806.7093763497485,1046.8278528796197,949.9446172983896,1037.0909275400322,686.8090591947273,883.5179197240896,812.4865578793299,895.5465467600094
2050-06-26,579.6890506132502,736.0521095803783,685.6681359319787,761.9168609854007,808.3845395264508,1048.4319968813606,950.1262388553554,1035.9598986537453,687.516569799428,884.0143080412148,812.0983977101989,894.2377933393524
2050-06-27,575.7265077515713,730.6522649668648,681.118473624188,757.2267475656597,799.8463930972428,1037.1775486251531,941.3000258793885,1027.6006723990727,681.4687028887838,875.9363948640411,805.5744437442416,887.8303286338588
2050-06-28,574.7340888419683,728.9273029845531,679.0227954701643,754.3426538133573,799.8930386878304,1036.4720319176765,939.37970963469,1024.127129874331,680.8933422707771,874.5981868693763,803.4915859023981,884.6067298793121
2050-06-29,575.6113984283642,730.2533628104509,680.3651049531455,755.9799577729723,801.0178636518928,1038.2234257001348,941.2321638926545,1026.4613438563733,681.9032492410325,876.1466845943297,805.0932780351554,886.5925127285705
2050-06-30,571.204681609585,725.0483969345638,677.3591045865794,754.4354833149874,786.829907417244,1021.1690309502757,930.7933157908255,1020.1288539465526,673.1600787308669,865.6923321246686,798.802200690374,882.943591352191
2050-07-01,575.3804063167602,731.2574945294486,683.4849122286456,761.7580640920614,792.7851021583741,1030.0867223254877,939.6903028805393,1030.859193999845,678.2254525327295,873.2512095316612,806.30220668583,891.9497617364647
2050-07-02,576.2959670197184,732.3529091637007,684.1453998434765,762.1432141974831,795.6507197524942,1033.5505865505188,941.8482185469308,1032.2267392536696,680.0066640681788,875.397508835219,807.626147730269,892.7687357741443
2050-07-03,574.0822812374911,729.194994934326,681.2411292911881,758.8748580445451,791.7094031734982,1028.0645498606718,937.0274744934607,1027.033559126642,676.9841913566199,871.1444702289242,803.811290546314,888.5753333734779
2050-07-04,569.2765508838063,722.3355433498995,674.9262412564944,751.7617283533906,783.1758753765832,1016.1768131891245,926.565055606036,1015.7452244719693,670.432429835919,861.9186023486794,795.5248746841596,879.4549473723104
2050-07-05,567.1763612923158,719.4171789666171,672.3701462181587,749.0171877439084,778.9812773235548,1010.5316695669502,921.9309934149235,1011.105883126662,667.3691664335714,857.7408854256965,791.999162755396,875.8139058603975
2050-07-06,569.062492939494,722.2691078783764,675.2586194760055,752.5419476156014,781.3935191151882,1014.2911724860717,925.9127926576044,1016.1280244527536,669.5377799891289,861.0681190133582,795.4438852832232,880.0876121887886
2050-07-07,568.22101776432,721.2487220009589,674.6166462391703,752.1255157923432,778.8396023587178,1011.1847928909191,923.9400931507271,1014.820727248552,667.9350150775921,859.1205143877021,794.210675370219,879.2757705635344
2050-07-08,572.8185337479806,727.8463285622298,680.7486591868001,759.0926527489912,786.7960896534669,1022.3569821845649,933.9216795060835,1025.7509120767118,674.1137900315662,867.8816761681524,802.1806664397456,888.154600260433
2050-07-09,573.931440013055,729.1203052038117,681.403807441689,759.2967639385565,790.6168969735323,1026.8938850981133,936.5895536019292,1027.200064179246,676.4240311436656,870.5963981345351,803.7206318658748,888.9000401480824
2050-07-10,573.2310851156724,728.2236571916557,680.7478771410347,758.7327469234168,788.7691971915589,1024.5772333622417,934.9845985443226,1025.9364912727365,675.2095310392804,869.062530318774,802.6371391832947,888.0184498622209
2050-07-11,567.6500276106119,720.1208083843164,673.06324822173,749.8446504417795,779.660836443387,1011.547141589796,922.9407449964785,1012.3205087094207,667.9454860630825,858.5995808473133,792.8490829523375,876.8325113093942
2050-07-12,566.3780447232455,718.278668142352,671.323608805091,747.8399994135693,777.5580480315666,1008.5514331726215,920.1922493931312,1009.2342661685537,666.2783701731698,856.2065319609769,790.6238057981661,874.3030421617004
2050-07-13,567.9529529220413,720.5151615323614,673.3637050060296,750.1185435873194,780.4217571449523,1012.5121572057151,923.6298555392077,1012.8912112750476,668.4543444540084,859.2510314993006,793.3255896042326,877.2421779829268
2050-07-14,567.3734633288024,720.1041983568364,673.6703514070066,751.1703219337169,776.9520347005567,1008.7182483494817,922.0440950562229,1013.0714931435713,666.6150619613479,857.3734927708224,792.8278576166564,877.9507066146545
2050-07-15,571.1982083780671,725.8637239620155,679.4668755408327,758.2092344558789,781.9825588514481,1016.4762133892082,930.1369383429625,1023.1677810837144,671.0723516030394,864.1640854758231,799.7846099863136,886.5141120789337
2050-07-16,571.9547214278275,726.9264743298095,680.4171804180335,759.2507122899885,783.4259343931421,1018.4443148305027,931.7972079629711,1024.8815998596638,672.1467280974157,865.6477688377647,801.0684954839099,887.8757182828698
2050-07-17,571.4498037314492,726.1543575298375,679.6217222808885,758.2674219289557,782.8309363792296,1017.4869853759201,930.7380214968787,1023.5051143143888,671.5880111068655,864.7729787253704,800.1359138022515,886.6940396783365
2050-07-18,566.2718149325378,718.77226129983,672.8399977105981,750.6432075721502,773.5853793463913,1004.6290755744806,919.458394260769,1011.3745860167564,664.5068120975136,854.8164730375062,791.2181014150564,876.9049689579823
2050-07-19,566.1567501944119,718.5295028829366,672.4872722886381,750.1126210904812,773.8415626166429,1004.7898024743083,919.2690528985192,1010.8134711014957,664.5479091832881,854.7399227483039,790.9250830881009,876.3454178039907
2050-07-20,565.1649191554188,717.0572684250662,671.0388464709042,748.3851290582083,772.411996398241,1002.6570705428398,917.1538114757187,1008.2742851491356,663.3382874656816,852.939791079439,789.1467547446896,874.2174094638365
2050-07-21,563.7798935237695,715.2460888092044,669.6442401942916,747.095538520633,768.9806216390314,998.2909711269077,914.0094149446337,1005.6348220127761,661.0321996890744,849.9761952550009,786.9582890117302,872.309016706472
2050-07-22,569.2062927295924,723.1184675503661,677.1006994251525,755.7101274353245,777.8713538855135,1010.9936144103156,925.7241366235454,1018.8515250626026,668.1098985530482,860.1601035699454,796.4679605505086,883.1592135667975
2050-07-23,568.9799473899066,722.9392812863662,677.1725658812611,756.0352997022862,776.625573193469,1009.6176078263278,925.1192875194894,1018.8528032568324,667.4385470677001,859.461062460814,796.2510569926659,883.3548539327338
2050-07-24,569.1828175997499,722.8845257686414,676.5554304215248,754.7557334655778,779.0051623645589,1012.0723767381066,925.8291553452254,1018.0539889903279,668.5832312240625,860.483500348174,796.1859669396401,882.2437582788541
2050-07-25,563.3565716103287,714.7841906486016,669.4532750618931,747.1220117355315,767.3942054167294,996.4365467280785,912.976947090089,1005.1676460029854,660.0962328342812,848.9018691708441,786.3998660860647,872.1240637088766
2050-07-26,563.4160077404247,714.626917649443,668.9099952946199,746.0991239782826,768.9196484989264,997.9567739158356,913.2949313131392,1004.4105037596561,660.7876702325964,849.4610471309828,786.2106184164852,871.1848798203422
2050-07-27,561.8228578419652,712.2375740513489,666.520459340443,743.211727850945,766.7672703505935,994.6701881605418,909.9163908762472,1000.2410045646873,658.9065481605523,846.6146509703451,783.3245761335239,867.660112547908
2050-07-28,559.657688010979,708.7295507452379,662.6036437587636,738.0910538880864,765.3715231195469,991.6826938200685,905.5279228354219,993.6085138748059,657.0075067672071,843.225667367464,779.0880634278928,861.7366403665088
2050-07-29,562.8433783765394,713.6152610214499,667.6588256267173,744.3599858663798,769.0424350514822,997.6424068709208,912.1996352086171,1002.34570808898,660.4968997300448,848.7189476500915,784.9891040113022,869.2538215581039
2050-07-30,562.3069893103051,712.7739554629147,666.7597280782907,743.2187648609796,768.5338793300401,996.7448729063126,911.0908366577445,1000.8054110411055,659.9564621016272,847.8283526282975,783.973014750335,867.9069691357175
2050-07-31,561.154457231331,711.0314426151558,664.9951594431558,741.0657441885056,767.0588354942993,994.4466109044064,908.6575976314897,997.7372512695077,658.6308753982804,845.7949040056092,781.8683077620655,865.296257560774
2050-08-01,558.1814375911993,706.9136659132762,661.4112760815992,737.2422858858977,761.0421125411581,986.3790955977477,902.0871635387659,991.2196284910295,654.2606278955689,839.8562239901646,776.8935286776405,860.2004459461909
2050-08-02,556.2512139619311,704.2872072970667,659.2050651168067,734.9755429499622,756.8601619348715,980.8747392818768,897.7847238670745,987.1621481053862,651.3047746011098,835.9141628647238,773.7202961145198,857.0962029184385
2050-08-03,555.2102753796705,703.1746715794599,658.795186341295,735.1473674068191,752.8227829475748,976.1828212803416,895.2277910175012,986.0995301185882,648.9446085933097,833.2296592836686,772.3751758774699,856.7424784762101
2050-08-04,555.3805977669188,703.5374883778394,659.3262285357359,735.9487171991144,752.423173423565,975.9251801485027,895.5053506087289,986.9429930534951,648.8750059677657,833.3365771990456,772.8131018628314,857.5858567900034
2050-08-05,560.0171248567633,710.1996455068835,665.5322636999806,743.0142852034897,760.3969235734569,987.1435710556891,905.5649592285644,997.9976591977413,655.0846072765213,842.1563286138307,780.8610446821033,866.5772550407474
2050-08-06,560.5905234883389,710.7125359660846,665.5015265081854,742.4610511509233,763.2070676373642,990.2949877943267,907.0512923889121,998.2128026691411,656.6366869951305,843.818816641874,781.4815684489943,866.3378246157255
2050-08-07,560.5633804703679,710.4911347355165,664.997060218981,741.5827888281199,764.2301123036304,991.2638550293627,907.1344795594584,997.472491586962,657.0602024355537,844.102494087985,781.2146696595757,865.4926460425519
2050-08-08,556.9722911342785,705.2205045635156,659.9063740146411,735.6026769688552,758.7031867349656,983.2025433393126,899.4292846712477,988.5005879691288,652.5296975309333,837.4748131363797,774.8480404649233,858.0478457989763
2050-08-09,558.2163448961908,706.7756461117397,660.9750359212386,736.4320716564883,762.205754322908,987.5308682909517,902.3094782666315,990.6058608536699,654.7818129281675,840.2685569530496,776.7273729734295,859.4504938161497
2050-08-10,560.4297154949877,709.920005777605,663.8452587062714,739.6398334808459,766.2233665813134,993.0904529368248,907.1397438582324,995.7497618660307,657.836895555223,844.5450811266735,780.5258960508912,863.5863571765371
2050-08-11,561.114598326328,710.7763977842154,664.4342192323827,740.0975718521534,768.1501662373817,995.4719005016937,908.7251699312567,996.9096843104035,659.0761175322776,846.0826521873101,781.5608140566329,864.3596256999552
2050-08-12,565.3058468375889,717.1484209043662,670.9417104182504,748.0890096377649,773.3073634033298,1003.629581701304,917.5463044367907,1008.1978814582377,663.8077510835969,853.4125552530932,789.2572069979178,874.0069037310805
2050-08-13,566.921832916639,719.1560507304779,672.2979164315955,749.1092458983277,777.9300987193567,1009.3225481127525,921.2972811173892,1010.886452219377,666.7645643729114,857.0644251041289,791.6833988849588,875.7748053079033
2050-08-14,570.7768541971017,724.2974937706927,676.4369834841011,753.1587621705205,786.8927093416322,1020.9061748665258,929.9711463267738,1018.6044617620487,672.9303968417709,865.1288189385798,797.8955181500387,881.5222814441854
2050-08-15,563.124014052984,713.7199499702133,667.2682149209904,743.417806480995,771.2759895999139,1000.0147630321176,913.0410676372142,1001.909000142274,661.6254608524471,849.8016173948104,785.1164788777229,868.500812202594
2050-08-16,563.1237315037348,713.34258937189,666.3003704489224,741.6878071774752,773.4862377847688,1002.152103439528,913.3340781947746,1000.512115091252,662.5754625691086,850.4940441794183,784.6617726665569,866.8623672805572
2050-08-17,562.9596855424365,713.4598808268884,666.9867964957369,743.0575079642203,771.1338307287986,999.7529878292169,912.7031873488708,1001.4284975960086,661.4657568850898,849.5330504442319,784.8023860991118,868.078082021189
2050-08-18,563.725076151574,714.5189697605946,667.9068481041438,744.0371865025566,772.6887575010876,1001.8356862816493,914.3955062634589,1003.1026736836717,662.5934147186033,851.063801591665,786.081898578764,869.3855688874423
2050-08-19,569.5519623970695,722.9686488276351,675.9041019259422,753.2705464459625,782.2574056887172,1015.4968624127614,926.9777036014594,1017.2810792706,670.202822062098,862.0061349433136,796.2889482248409,881.0204342430766
2050-08-20,572.7023170839203,727.2375818875033,679.4593192044867,756.8886531112582,789.187004184493,1024.581358721704,934.0136310938797,1023.8375885059149,675.0719030097266,868.4726964513451,801.4466413270933,886.0097597909958
2050-08-21,570.1914946693732,723.9185764501185,676.8396668715999,754.3873297243749,783.1754863887865,1016.8684658856151,928.3411186284499,1018.9206840925696,670.9811937642812,863.1656984143339,797.4363744817617,882.3953167297187
2050-08-22,564.3668153520327,715.8883434775596,669.9137503688631,747.0673140895653,771.1692963636556,1000.851586807822,915.4394578772803,1006.2893915013308,662.3252272032701,851.4623153332227,787.7347508729516,872.5734782721901
2050-08-23,565.3824872248342,717.1949050566436,670.8809619993804,747.9138072437479,773.8123938145458,1004.1759697812117,917.7621576607528,1008.1448966340356,664.0708416440452,853.6753326213043,789.3135541672773,873.8790111904271
2050-08-24,566.014257665955,717.7454195455612,670.8096550242738,747.2373201749385,776.9941646614614,1007.7309408952879,919.4111622657924,1008.3279085527147,665.8177021306647,855.5338790089713,789.9796690113196,873.5518205423542
2050-08-25,561.0974847726175,710.6825124126892,664.2334642956731,739.7535478821942,768.5271317679118,995.8235237605509,908.7420161370667,996.6122171876744,659.2279050724369,846.1774851068241,781.4476108741579,864.0253453531212
2050-08-26,564.4207987318413,715.4780637672258,668.7339308010166,744.91120332395,774.1232261303618,1003.7491941418764,915.9365847177452,1004.6111509270736,663.6274902413153,852.4618256923545,787.2406159955835,870.5584299301468
2050-08-27,566.1203798597005,717.9213633786177,671.0119073891555,747.5066725048569,777.0390930532999,1007.8546584280236,919.623136926678,1008.6678192281723,665.9006857951961,855.6926239132583,790.1921391868806,873.859546977053
2050-08-28,565.1499346274094,716.4596200769936,669.5401657207605,745.7189137239357,775.7649944925645,1005.888456308659,917.5700590193828,1006.1046632521908,664.7707292696982,853.9703766122393,788.426545916686,871.6850763446749
2050-08-29,562.607973100841,712.4065346622981,665.1096284342898,740.007276461373,773.7426926877157,1002.0100234980606,912.3669350645921,998.5602643783759,662.3762756095712,849.8713680463059,783.5316046591499,865.0150255046625
2050-08-30,562.8835366675713,712.3600633837589,664.3429760057791,738.3972435839303,776.8112948183509,1005.1861265503317,913.3094300807686,997.578571512786,663.8607751535963,851.2088729872661,783.476815071333,863.6270442377756
2050-08-31,562.7509819916899,711.9190715967927,663.522567350562,737.0457644204819,778.0525966001209,1006.2863431295526,913.2169774737229,996.3345981363515,664.314874951579,851.4172707522,782.9448565982374,862.2814325990382
2050-09-01,568.3147846364609,720.4049767544965,672.2308597680073,747.7788896014317,784.7393583167795,1016.9614302485516,924.9057053150531,1011.4200848131914,670.5275380922224,861.0976382362235,793.1944054172365,875.2060477559306
2050-09-02,575.4692878719616,730.7832275788655,682.0588809283599,759.1314665994724,796.468400656195,1033.7161054419785,940.3520477808948,1028.8414236223944,679.8622039824832,874.526915624401,805.7311224467412,889.5064777764294
2050-09-03,582.0861580770946,739.5290020112129,688.9601612772963,765.7190244029391,812.3162623966851,1054.0474886210677,955.3017720415636,1041.7956829923232,690.6449642067707,888.5143732036116,816.2984144133499,899.0277109555183
2050-09-04,583.1571058905221,740.7362399247631,689.5425955392295,765.8296045432805,816.1027339821968,1058.519449300297,957.8836348301562,1043.1209078823877,692.9152711507742,891.161136253223,817.7577785364891,899.6637603058599
2050-09-05,580.6080307016515,736.978770018549,685.8874772330948,761.5103890305511,812.2745491026702,1052.8891475912037,952.4268492387147,1036.6923454467642,689.7402122464888,886.4863686664744,813.219011424919,894.3087998533678
2050-09-06,581.9236248330413,738.5472060171624,686.8221897582011,762.0381496718792,816.4250471346877,1057.8982032772174,955.5319753467885,1038.6366844897584,692.3137901785556,889.5807303324871,815.1146764618231,895.4612946151713
2050-09-07,582.5349161016653,739.323792289726,687.3792151649869,762.502747839418,818.073173713647,1059.954481321075,956.9375308150203,1039.7172141224241,693.389060309969,890.9306327661553,816.0531094254852,896.204548302648
2050-09-08,585.3825154899096,743.2782501545289,690.8385856154414,766.2126010257853,823.7751145625358,1067.6227044280822,963.2226870883646,1045.9983832203145,697.5487377084094,896.5996746437817,820.8305464743341,901.1305513177438
2050-09-09,589.0338909805635,748.8233259158241,696.4920149052715,773.146356965483,828.3041985111183,1074.7645912280047,970.9123805966169,1055.8097003718024,701.6864464070574,902.9967576690574,827.528135977828,909.5083597911464
2050-09-10,589.0775243768448,748.6835272615729,696.0307090269914,772.2837490079057,829.5668138051304,1076.0186823247732,971.164780047181,1055.1637079771072,702.2554148249262,903.4520094009258,827.3598750304765,908.7131202229459
2050-09-11,587.921560410135,747.1935193782431,694.9222651519088,771.3066847316557,826.5760761289821,1072.2519812204494,968.5235686803272,1053.0408899135696,700.2761822542512,900.9387817009219,825.5594117645292,907.214333563156
2050-09-12,584.9701994625182,742.5892478291869,690.0388940839432,765.1412715125439,823.6322746361215,1067.172702186722,962.4033159808257,1044.6576968099116,697.2399579686074,895.9928466759186,819.9985199723459,899.911442415111
2050-09-13,586.9465854802531,744.8094630851074,691.0940187849959,765.3100675326291,830.665125679963,1075.4691095935696,967.1740160934546,1047.0748639225967,701.4490903719208,900.891461877228,822.6824470613341,901.0518378767987
2050-09-14,592.9453137927765,752.8201163970045,697.5607895836198,771.6580056733897,844.5521680080224,1093.4366246688664,980.6633552641572,1059.1223036137253,711.0180457498685,913.4216635678874,832.3612399797616,910.039472608388
2050-09-15,594.4312023789419,754.9802918962397,699.6141474961519,774.0376163829926,846.9602050098986,1096.8893323714058,983.8676329175787,1062.7581000437144,712.9447212203434,916.2019824040767,834.9706739111676,913.0301527940605
2050-09-16,601.1858027933072,764.6374007657218,708.5308273334101,784.1084770637444,858.8608505123376,1113.507495401183,998.5604646033934,1078.683241440056,722.1132318451637,929.1399166139039,846.6366917732923,925.9183967424785
2050-09-17,601.5921560085218,765.175260678132,708.9566153934629,784.5165497232615,859.8295958534799,1114.7517293542446,999.4779550043693,1079.4816256724407,722.7734854613097,929.9974999525821,847.2865713868733,926.5064448330428
2050-09-18,600.6951199775691,763.60115659594,707.0240356480983,781.841144069404,859.959323252915,1114.1987059358555,997.7538333904527,1076.2866280111216,722.2910672353756,928.81535677476,845.3859091180532,923.5277955417349
2050-09-19,596.1902412771706,757.5039285480225,701.9586273827276,776.7003066332361,850.008217687618,1101.167567807696,987.6871574612505,1066.9376521567815,715.3103977496799,919.5552529527057,838.0192604656381,916.4244268491881
2050-09-20,596.0556935572768,756.9469981878424,700.8453408680741,774.826972819301,851.9092441879144,1102.9043035932755,987.6784587131922,1065.2701063473787,716.0469131383743,919.967727466702,837.3475917549199,914.5836314333446
2050-09-21,599.4412853269017,761.2532227371815,703.9436247294838,777.423784425765,861.0070186826443,1114.2635900050068,995.4590062054044,1071.2736471831236,721.9892119840877,927.4345798206566,842.5512496127105,918.7225016503845
2050-09-22,607.5391305131409,771.6313608625651,711.5551603481878,783.9941176465411,882.3085302318834,1140.9894083941367,1014.0079795592665,1085.9231634135624,736.0049887258891,945.1503188230147,855.0919611174834,928.9621805750864
2050-09-23,610.645224202729,776.5633589953605,716.9161382359332,790.8789000467154,884.9003331042674,1145.8452998800394,1020.3818523393169,1095.0656481203014,738.9827248131847,950.1968443732145,861.0484282822921,937.0230801120621
2050-09-24,610.4520415170971,776.0645428140281,716.0897549686829,789.5694257172826,885.8655846448735,1146.632688651687,1020.1350427000075,1093.7856140692825,739.2817779397205,950.2360670931137,860.4465281929328,935.6871675133019
2050-09-25,612.068576133659,778.2099562783827,717.7982984961325,791.2190697298389,889.6858230268356,1151.549966785031,1023.7804987941058,1096.9829134891975,741.8939321484163,953.6371385220841,863.0387464543062,938.0513887041494
2050-09-26,603.1457098467073,766.2661489861538,708.1066467084797,781.6469944487604,869.1952843707223,1124.9844339843369,1003.7376823824939,1078.9580722129463,727.7318063556397,935.0509638429533,848.6078517345043,924.5597496076327
2050-09-27,602.6035697039304,765.1680197614422,706.5619138789904,779.3565494153418,870.1345736878487,1125.482776189833,1002.8100184527327,1076.483415561569,727.8103374124188,934.6063625132984,847.2822746759381,922.121731799812
2050-09-28,606.2132048510141,769.976934671239,710.4240230914284,783.1241806859883,878.5575098549388,1136.3588773436686,1010.9358551094278,1083.690675769851,733.5969451025093,942.1670916066025,853.0926359782352,927.48051995762
2050-09-29,610.1915546662322,775.1398653381697,714.3285027121385,786.6471452341594,888.6454792206586,1149.1241313397338,1019.9985961849665,1091.1259520764027,740.3205543200977,950.7523510136218,859.3311869796196,932.7905401023341
2050-09-30,620.8368861235714,789.2394748198111,725.5064980357279,797.3795770762146,913.9701748764339,1181.667635430834,1044.0271699362142,1112.0753628492241,757.5942655685309,973.2018150072252,876.3672817741523,948.2356018899459
2050-10-01,627.3052703331559,797.3490693423153,731.1238405557831,801.8008349310587,932.0424122119499,1204.0379262992806,1058.9840844072753,1123.1094907476731,769.2441844116288,987.6841021372338,886.1673513511666,955.631686294013
2050-10-02,629.2901165895362,799.8134501248481,732.7857483671509,803.0470435124616,937.7291437474968,1211.0388864671945,1063.5924199042383,1126.4061735365754,772.8797046629999,992.1723029890527,889.1455255291756,957.7965859720078
2050-10-03,637.7542083217286,809.7579860403284,738.4240055970555,805.7714184862576,965.2898058775795,1244.0950098337607,1083.683684451435,1138.3736794258416,789.8059831619173,1012.349254006423,901.1653666384366,964.5758588736169
2050-10-04,630.6895134973204,800.6942197121151,731.7586645171496,799.9948166966532,946.7629360125343,1220.8340122890454,1067.5088119582122,1125.5572474584887,777.6028572887486,996.911591445225,890.2129459665,955.6004192734054
2050-10-05,630.838166477278,801.5624327698604,733.6377306802447,803.2249004608067,943.1794447744858,1217.4808159590639,1067.3214319224157,1128.3363215995237,776.1515239304869,995.9909687880779,891.2597600857623,958.7330513394182
2050-10-06,635.6860992232473,808.0205867359284,738.8235290907816,808.282848536517,954.4946867104978,1232.090697737935,1078.2352348616946,1138.0142955439894,783.9244459772403,1006.1463058744579,899.0628125639412,965.9281237240184
2050-10-07,647.1462785283804,823.039713077638,750.4471696992925,819.1038699696636,982.6946883846448,1268.0312604341318,1104.2275044335338,1159.9756196225364,802.9231099040426,1030.6078179598867,917.2104574104495,981.8613507760757
2050-10-08,644.5187388604315,819.8348682645826,748.3947185477971,817.717976755137,974.8293552105033,1258.437242854858,1098.0821985125438,1155.8244563078547,797.9654316830444,1024.560628694577,913.3372386886526,979.2453100918576
2050-10-09,642.7769368687256,817.4500433156838,746.3660086974159,815.6048192535422,971.142148167573,1253.553873212766,1094.2112387105503,1152.108412660879,795.3353111599562,1021.0304966031347,910.4559903541547,976.3799938497035
2050-10-10,634.4557760621356,805.9288018273517,736.3452971769179,804.9215909964711,954.2787037155641,1230.9512483988417,1075.818210570524,1133.8809976424427,783.0934496293503,1004.4014734047801,896.5369056105866,962.1346204921133
2050-10-11,632.5949285815614,803.6906835438219,734.9727887133668,804.0849952666872,948.5231838925432,1223.977550345605,1071.4414487250388,1131.058083197092,779.5027522490542,1000.0607411721408,893.8319119306457,960.4191427138313
2050-10-12,644.8300535166604,819.5337956318484,746.8906333013875,814.7585451736053,979.7538791867322,1263.4352680912039,1099.340592958034,1153.7947076239375,800.269229168578,1026.5286150238028,912.9758208141619,976.5971890585415
2050-10-13,642.0002047825744,816.3698738656135,745.4184978258161,814.5859067198,969.5957741996277,1251.470868002335,1092.4980393606602,1150.3894755879928,794.204525670207,1019.4869660817917,909.1510270080593,975.0297256374605
2050-10-14,656.130200503035,835.2358901868861,760.6430985172102,829.5243990702814,1002.3246619175844,1293.8107119251922,1124.2745459892221,1178.7558466606467,816.7519154491584,1049.0074736296197,931.9457153537811,996.1867649941692
2050-10-15,663.2717230084667,844.3026662857656,767.1356727520355,834.9253769782994,1021.613427784344,1317.8666566086015,1140.6997514635855,1191.3577177368593,829.32866908881,1064.7886845121195,942.9020990611698,1004.8446063601102
2050-10-16,658.2271043110543,837.8054194992365,762.3116162864526,830.6850462979273,1008.5317409397611,1301.399661680941,1129.1695218803584,1182.1127824299706,820.6783599106606,1053.811532440474,935.0510800830668,998.3262335062526
2050-10-17,661.9397898282442,841.5149932174718,763.1101339582768,828.8862513787127,1024.447629185232,1319.600218496401,1138.4905959912662,1184.9454185332643,829.7479649473551,1063.8614345893218,939.5372288178546,998.4647573304658
2050-10-18,666.3851468860978,847.133064939268,767.0856062942638,832.1303017782046,1036.6049052745889,1334.7199472729235,1148.7347442953876,1192.6945017257008,837.6413420078985,1073.7319344641876,946.326251962261,1003.7423432192926
2050-10-19,670.5146483248411,852.7931738327279,771.9110090280273,837.1682774520217,1045.3107526501046,1346.2628620227545,1157.9073355467883,1201.527226534717,843.8614711958868,1082.0900060776914,953.1645453542651,1010.5620658556243
2050-10-20,671.1501315063126,853.7533863402094,772.8824830081919,838.3527750634652,1046.1274304434128,1347.5333351055722,1159.2494223108474,1203.2168214493774,844.593821152748,1083.2122647918425,954.3243467728335,1011.9990647567195
2050-10-21,674.8162133009687,859.3411311077652,778.6108741247273,845.4077627287261,1050.5554929806349,1354.588646335266,1166.9542467268657,1213.1429763358146,848.6969246254346,1089.5977293117764,961.0734151732406,1020.498975603033
2050-10-22,685.3012572140414,872.0136338191046,786.5027174887799,850.4047314184326,1082.6233838709,1393.532329566055,1191.567278314202,1229.2773935928244,868.7733250176182,1113.9423791645786,976.3891995296331,1030.4330454391143
2050-10-23,688.0714742751411,875.1710301019855,788.0981979810132,850.8496975001884,1092.2146942786817,1404.90347355106,1198.2187931375797,1232.8336451477312,874.5585905194135,1120.7250761490477,980.2058692920174,1032.2288172870449
2050-10-24,672.9910375882373,855.4908799930395,773.0169704444495,836.9934522580587,1054.6166353170393,1357.1357256185772,1163.9505538374974,1204.24404509973,849.3477477789561,1088.3826991540084,956.426019761156,1011.6251199776702
2050-10-25,681.0197154764722,865.0429527902864,778.670877451114,840.124180075,1080.0609707836938,1387.8157967819454,1182.9154960945198,1216.0370815098622,865.1029996969133,1107.3027380667713,967.971051551547,1018.5731856998001
2050-10-26,690.1214396884882,876.8945534234261,787.7056863432617,848.3665696457346,1102.9070936935022,1416.7947211035105,1203.618378740551,1233.1949370164914,880.3850836399355,1126.871093516324,982.2916239027039,1030.8943528988507
2050-10-27,700.0733231048123,889.30946901709,796.1889796598665,854.884208553817,1131.0758416154304,1451.5642399790054,1226.6785507477643,1249.9416211413236,898.4653921450322,1149.266755036654,997.294691353325,1042.003976016842
2050-10-28,711.0762809397722,903.935201991123,807.8771152564478,866.2178557508037,1156.9436968285797,1484.9035344263777,1251.4734998617032,1271.7890978867167,916.1871662331242,1172.3739779988512,1014.9663104850101,1058.1958166265736
2050-10-29,718.9337144287842,914.1305512157212,815.5843171858837,873.1681326437449,1176.8778290328064,1510.1251076424353,1269.374167704712,1286.4678733847636,929.4708777495629,1189.3333855177732,1027.2857158061754,1068.6760255383551
2050-10-30,727.8747419222506,925.3704802382804,823.4267762884645,879.418568110255,1201.680694618267,1540.8748733309678,1290.0249904971363,1301.8322476845233,945.4977407050961,1209.29603459862,1040.8685438608616,1079.031090897061
2050-10-31,710.5724636221244,903.0349217671466,806.7501363941028,864.6409395303792,1157.1115069227603,1484.6847569494578,1250.5177635447533,1269.934671946682,915.9570356430017,1171.7397934151813,1013.8793016358445,1056.4525218433919
2050-11-01,700.3495781342982,890.0558206739429,797.4555086609672,856.9083547380437,1129.501773438596,1450.2508910566462,1227.005761422824,1251.8944530986068,897.954452947043,1149.1499372725464,998.1952258675067,1044.0578957146513
2050-11-02,713.1959120754811,906.7492840035928,810.1198921109839,868.3853732352758,1161.9471495571656,1491.3456347070044,1256.2527323675208,1275.9850687051267,919.6098151492951,1176.8317359560028,1018.3664512986555,1061.300064323219
2050-11-03,707.1744236132338,899.7797565517417,806.3786752341761,866.929768889569,1141.7232527262736,1467.2324665041667,1241.8775670654597,1267.8607466252543,907.303032259683,1162.2841937432083,1009.9420752554126,1056.934164675118
2050-11-04,708.5856274147532,903.1320284628058,811.6670446194352,875.1576086519551,1136.3821711389596,1463.134431892004,1243.9076480119622,1276.1313914111981,905.8536043388589,1162.5337099438452,1013.98761241334,1065.4260487983934
2050-11-05,718.1697442037901,915.0170744577675,819.6544056805336,881.1082441994581,1163.9268393002853,1497.0222319355537,1266.1710125202212,1291.9959248872403,923.4449791777325,1184.2324248860348,1028.3505972156377,1075.8162608712423
2050-11-06,726.0096049922711,925.1454541275752,827.2310116686493,887.8403214800057,1184.075424418319,1522.4379134792587,1284.0660507840537,1306.4782763222188,936.8103396530805,1201.235099142887,1040.5892298656127,1086.0811169713538
2050-11-07,720.3869610726155,917.5741699981019,821.0083599060446,881.6019844398107,1171.4276195394266,1505.9533339084417,1271.4713693360957,1294.9533441585459,927.9997605474222,1189.6060063688167,1031.4415065006206,1077.3838612609613
2050-11-08,739.2303099309461,941.2361643145372,837.468898551484,894.654089723073,1223.854410747035,1570.9082282708125,1315.0137910924952,1327.2364908256582,961.8429811371091,1231.7259788601964,1060.0358001194827,1099.0929369901423
2050-11-09,742.3442004322558,945.9862766870035,842.3447436364735,900.6648100961565,1227.592035013086,1576.878152814161,1321.5549840914487,1335.6823784909952,965.3179761334073,1237.1422954592567,1065.773136091731,1106.3299703503012
2050-11-10,724.5792557199852,923.9083636545176,827.4163028502167,889.4145477286891,1176.8172908358733,1514.336634526849,1280.32541120152,1306.0983504314709,932.8319608481216,1197.010205520577,1039.0923209767375,1086.8622646396786
2050-11-11,734.7883855656952,937.6483151400995,838.6959940702013,900.70784423604,1199.8252736530235,1544.3096950129677,1303.1995186882662,1326.9971137686885,948.8480281794261,1218.1388716317383,1055.6931319108962,1102.6220506967188
2050-11-12,746.165650849238,951.0215281098175,846.2901345824998,904.397258863454,1236.8367964872818,1588.709258873327,1330.2011550893194,1343.1056887532245,971.5849621782072,1245.2493681337746,1071.8571515667297,1111.760528861369
2050-11-13,762.2450770558685,970.8301489032486,859.3541570051398,913.7791621586279,1283.8178580355916,1646.3070045677741,1367.6548854753316,1369.236244675877,1001.4288517137771,1281.894674338867,1095.7961772372275,1128.6226657654179
2050-11-14,750.399317935499,956.0305492774504,849.1997827698879,905.9198620854575,1250.4180302170525,1605.045997672718,1340.223490963889,1349.2208098946135,979.9634834555842,1255.2776457014786,1077.9113654207333,1115.3028829241402
2050-11-15,732.6588337122242,933.8489881238612,833.9478605991687,894.0700460614137,1200.4993467465424,1543.3508856299807,1299.155101080329,1319.181015571709,947.8601584223088,1215.4472353760261,1051.1057654117258,1095.2795370981123
2050-11-16,735.4422532874459,937.5822536939363,836.9903116634644,897.0903322005557,1206.8473056434236,1551.5953363578803,1305.4014720203304,1324.8314563324261,952.2590493290692,1221.2312868517506,1055.6163932710529,1099.5206803676
2050-11-17,747.9534462612733,953.3585231996432,848.0880350506479,906.0578231014562,1241.2711938347059,1594.3500317515309,1334.2606383657455,1346.5094520565099,974.5638892118883,1249.0764068420194,1074.680968139743,1114.2200592411036
2050-11-18,762.2353200901555,972.0123993597608,862.4113633778479,919.2531012865372,1276.7852863745036,1639.4983512229517,1366.7018982630566,1373.6438756138632,998.3997413584021,1279.676983701509,1097.2207007433083,1133.801630833489
2050-11-19,781.3948795853835,996.1243271947537,879.2837963806242,932.7667750683948,1329.781837062446,1705.2434357044697,1410.9338309061252,1406.664559932924,1032.6776120659022,1322.406596596393,1126.358531385652,1156.1046925563946
2050-11-20,785.2414541776161,1001.2338474979817,883.360776520934,936.7126368739363,1338.8459596573139,1716.9188469920944,1419.6047817054475,1414.289145244707,1038.8820161789781,1330.4912955846446,1132.5321480007701,1161.7498175257278
2050-11-21,789.3765201273899,1005.8865618485559,885.5875956265759,937.1002104225269,1353.516357730627,1734.2343498379498,1429.5803700677404,1419.374209045271,1047.6696051852641,1340.7265669993385,1138.1565941660774,1164.168382439759
2050-11-22,782.2020458218348,996.8044818224396,879.1331571346707,931.7960440979477,1333.9829931002414,1709.9169276382502,1413.0587106982234,1406.8124611044718,1034.9679303220441,1324.8237668742463,1127.1816255420877,1155.5858729812473
2050-11-23,781.2844761159978,996.4403606830597,880.3542778490412,934.7764479461938,1326.8081574663693,1702.2840540812042,1410.3245566784806,1408.1594738612075,1031.3330088173238,1321.3239857588312,1126.7388561721643,1157.9530728609016
2050-11-24,773.6544989126335,987.0326537353806,874.1342216886429,930.2871266863867,1304.5626528243347,1674.9991677620255,1392.5584432999206,1395.7298314604568,1017.1921184513141,1303.9501285678293,1115.3695253130795,1149.9162304712654
2050-11-25,783.3622527488277,1000.4523642912884,885.7698884134403,942.652507853333,1324.3614475565528,1701.4893670552729,1414.033030048913,1416.9154183549504,1031.5277704585747,1323.3894031713191,1131.5822630765958,1166.4425297435093
2050-11-26,782.9148108053171,1000.2230039036417,886.2324043135619,943.8681892185609,1321.1665231429765,1698.0610940966178,1412.7401021029189,1417.380405919242,1029.8858453629045,1321.778003625236,1131.3039335974922,1167.371787011282
2050-11-27,780.2768402580563,996.5057006563188,882.8892171986585,940.1838727278281,1316.2007773829737,1691.2634082838777,1406.95966264454,1411.3617797354837,1026.1684226751245,1316.6254837028393,1126.813176547262,1162.5739705145998
2050-11-28,783.5754177201839,1000.0190832564048,884.1570693691191,939.5839817911076,1329.0654416426087,1706.1998788191001,1415.0716033873657,1414.6843296239585,1033.6778775435196,1325.154469373069,1131.061109441192,1163.6424014402319
2050-11-29,791.6055176532541,1009.699057132182,890.1358978449374,943.2943457880361,1353.7741018610386,1736.1695463429528,1433.9415958064237,1426.9469241975721,1049.1177206573225,1343.845846146318,1142.760263326939,1171.140086603964
2050-11-30,808.6665281729325,1031.7948826956417,906.7640666008092,958.194983099626,1397.3011845802362,1791.1693462835422,1472.8420574369638,1458.6653579558606,1078.0656802001631,1380.7465475362055,1169.459580286963,1193.7154442099577
2050-12-01,800.1714454048554,1022.0533381744701,901.7196007365089,956.5590781670992,1368.235577527233,1756.6343345071803,1452.4907495948382,1447.54076412956,1060.4738422921814,1360.0556191111182,1157.6842002933708,1187.9515739343124
2050-12-02,789.1705062625794,1009.281707183624,894.785335745161,953.7223150049498,1331.5144120811965,1712.800217177779,1426.2582125803483,1432.5548103902415,1038.087512274763,1333.5491304695188,1142.2467114159929,1179.8072614494138
2050-12-03,785.1439271113394,1004.2494617513935,891.3295693707337,951.0434400635381,1320.1706414724567,1698.7839858297937,1416.9350553097765,1425.7452732815718,1030.795106567819,1324.504490207255,1136.1654199201214,1175.2726638564127
2050-12-04,803.4731889618281,1027.0209023066295,906.712219053718,962.615313001058,1372.6039962999776,1763.3563919595072,1459.4803886262305,1456.240190988222,1064.3327163430401,1365.925735436379,1163.6843797383074,1195.3249090645193
2050-12-05,788.5957412146896,1008.1435004814031,893.2143885594563,951.4133568639674,1332.3577095339492,1713.181048403243,1425.2544668905457,1430.0275571448155,1038.105203366244,1333.0299669901462,1140.8726996990029,1177.3355255559736
2050-12-06,760.1852630321292,972.1972341836249,867.7019536503809,930.4927521186662,1254.8999664400635,1616.7822439517954,1359.8155220142278,1380.351267348285,987.7614299465827,1270.0223715924976,1097.4344437309774,1143.4284537315707
2050-12-07,765.6756962457108,978.9943202787935,872.2482039823287,933.8490269074068,1270.7467253786301,1636.2605662432982,1372.578428539513,1389.3970448396767,997.867897126339,1282.4739656739448,1105.6487094456481,1149.3308103424974
2050-12-08,789.0782784192465,1008.4423677478693,892.84781491732,950.3386965426097,1335.5010965067086,1716.5860236930168,1426.608677686973,1429.7169128970468,1039.7460286627747,1334.6730524800935,1141.2349359466937,1176.5572266835682
2050-12-09,812.0595042624863,1038.3568925865907,915.6345490039118,971.1045116586512,1393.244330893081,1789.8122395332732,1478.8897782512965,1473.0024631503497,1078.357320755742,1384.100090277405,1177.3814048539775,1207.6240935501191
2050-12-10,818.8214720102504,1046.9661818172337,921.8446575112498,976.3303506778691,1411.3649017549124,1812.4513297496894,1494.4230248938018,1485.0249156005875,1090.204156719455,1398.997730132984,1187.7848727005048,1215.9277700286138
2050-12-11,830.2192886362994,1061.0975915494096,931.3364533728438,983.3944020292219,1444.1383394234936,1852.767741416274,1520.9016653919557,1503.8814171638423,1111.1314956474469,1424.8077951731032,1204.8625802080942,1228.2722163532794
2050-12-12,828.7077971337852,1058.3350686978413,927.7973003767604,978.3808394762091,1445.0031172646786,1852.460842071812,1518.082372849577,1498.0897894024451,1110.596421100403,1423.0184534797806,1201.527228838763,1222.7744883784517
2050-12-13,821.1846900996997,1048.8957994974542,921.2451682324804,973.2049856024091,1424.027096073019,1826.484519019671,1500.6923281387344,1485.2292733695272,1097.0653913642373,1406.188202936617,1190.1203345959575,1214.140523016917
2050-12-14,829.5760817243319,1059.883925161245,929.7326271381501,981.0861410972502,1444.7297278836286,1852.8531819838965,1519.7316005692983,1501.2757394546538,1110.999830219635,1424.1163722672684,1203.3973428165918,1225.7671845945601
2050-12-15,823.9943772390099,1053.075648809255,925.3720805415209,978.1411693614501,1428.0224944337451,1832.4736516609144,1506.6772298321587,1492.4566561773254,1100.468691416992,1411.2706410241733,1195.1691936570296,1220.209048387338
2050-12-16,813.6595096051891,1041.1638283150658,919.0797432440231,975.8731826455424,1393.0172072891783,1790.802769476709,1481.9655878291626,1478.6985517156631,1079.2196235944525,1386.2099663143358,1180.770659571724,1212.9338243099317
2050-12-17,810.1176499607398,1036.53161897824,915.5119294322228,972.5727751544247,1384.2456397302253,1779.640766088547,1473.9250146329814,1471.9466807616104,1073.323804249776,1378.6323462818748,1175.1735184173117,1208.0511213469504
2050-12-18,804.6337631645764,1029.2944349682311,909.8207739485813,967.164029947286,1371.046357397252,1762.7277975514735,1461.5264467174165,1461.2515814019575,1064.35939754231,1367.0195391411135,1166.4289803430868,1200.2083285866504
2050-12-19,780.6765463316194,998.7525970014607,887.7169190766639,948.467156249797,1307.0790520385535,1682.7440149434235,1406.5240610214755,1418.5098341319099,1022.4868609249233,1314.311103800179,1129.5223500770157,1170.6165245009047
2050-12-20,770.3308307547693,984.698648736593,875.9522261959585,936.4255008017329,1284.5266786353377,1653.1082707991882,1383.4453222425132,1396.8493200001371,1006.5847109041937,1293.1390617627324,1112.5425871091372,1154.0802801215746
2050-12-21,767.9738804145925,981.0568510457078,872.1426248693699,931.6631545473338,1281.969541633643,1648.8525287477967,1378.5303118903935,1390.2847630931574,1004.0713347020716,1289.1246072697236,1108.144041746175,1148.4009950998684
2050-12-22,749.0155026998567,955.829875995734,851.9357498655227,912.0135706760612,1237.5537645230834,1591.5581663565106,1335.8285936060906,1352.542984548964,973.6029837666426,1249.3589189888944,1077.6635030363798,1120.3870553249321
2050-12-23,752.7801241042073,960.0322177742835,853.8769596655201,912.2124686783957,1251.1066828149242,1607.512752578095,1344.9366439932248,1357.0482160248225,981.6879230174342,1258.7389349939604,1082.7436456811315,1122.4431560302633
2050-12-24,737.8785331874925,937.5391601248543,831.1561503657666,884.5432947925639,1231.820239987598,1577.589632147545,1313.4476833504973,1317.5143954430682,964.456424856893,1232.380210071368,1055.5751340468923,1088.8473829261043
2050-12-25,700.9244304673181,885.0021851782827,783.1346861231682,830.8070395802333,1164.9727968439902,1484.9900850420843,1232.8328442001343,1231.4873343016573,913.5481031942214,1161.0521021892077,992.1083068081457,1019.6252216374324
2050-12-26,698.9090477087977,881.9096463307915,779.9323296827184,826.8334606520796,1162.6601931966816,1481.229182559192,1228.6133727167194,1225.9537134290408,911.3447777195178,1157.5799102124922,988.3730926775542,1014.8623593918803
2050-12-27,736.2628072338908,932.791087325266,822.7658970933757,870.9478534233712,1243.2720811873783,1587.442753415199,1311.832192421619,1304.6746667794855,968.4101229181475,1233.7673410185334,1049.8468151573345,1075.1709246031637
2050-12-28,742.8697350015483,942.344253668095,831.7627328771985,881.290339059272,1254.2839306258647,1603.0896584761638,1326.1203103651546,1320.6486542490848,977.1079480098398,1246.2253762552673,1061.3869397204571,1088.2431317058258
2050-12-29,743.4994216137602,944.3869710910518,835.5261088781691,887.4710415932078,1248.693201616678,1598.1590771761234,1326.6001306175015,1326.364795070749,975.0823179801001,1245.3313036549966,1063.8510924532252,1094.4086475275503
2050-12-30,736.2686760994092,935.8239631454219,830.5360839194277,884.8337514014977,1225.5446562614388,1570.3028145032224,1309.489077686179,1315.8909677400902,960.7927400082142,1228.2186024853095,1053.5013393018926,1088.3237447932806
2050-12-31,735.1543306821435,932.2643250203408,824.0180920298496,874.1497079252686,1235.1140162363022,1578.71459378944,1308.5968548490034,1305.9801262454034,964.2379807825049,1229.6991251310446,1049.2072335972355,1077.6531228868503
